reason,vessel,imo,operation_date,report_date,archive_time,grade,grade_raw,quantity,unit,port,operation_raw,operation,rank_operation,direction,lo_country_code,lo_city_code,charterer,supplier,receiver,source_file,source_sheet,source_imo,min_dist,bargo,Notes
"ARRIVAL: most recent arrival between 10 and 60 days, but with other arrivals in between",AMOREA,9379624,2016-12-06,2017-08-08,2017-08-08,GS018,Unleaded,91326,MT,Amsterdam,bldate,Bill date,14,Load,NL,AMS ,,,,gs101,,source file,,http://bargomatic2.compressedtime.com/bargomatic/map2.php?fitbounds=1&catchall=9379624&startdate=2016-11-25&enddate=2016-12-17,
"ARRIVAL: most recent arrival between 10 and 60 days, but with other arrivals in between",HAFNIA EUROPE,9336490,2017-02-01,2017-08-08,2017-08-08,GS018,Unleaded,62692,MT,Amsterdam,bldate,Bill date,14,Load,NL,AMS ,,,,gs101,,source file,,http://bargomatic2.compressedtime.com/bargomatic/map2.php?fitbounds=1&catchall=9336490&startdate=2017-01-21&enddate=2017-02-12,
"ARRIVAL: most recent arrival between 10 and 60 days, but with other arrivals in between",MARIANN,9326897,2017-01-14,2017-08-08,2017-08-08,MD008,Gasoil,37448,MT,Antwerp,arriveddate,Arrived,1,Discharge,BE,ANR ,,,,gs101,,source file,,http://bargomatic2.compressedtime.com/bargomatic/map2.php?fitbounds=1&catchall=9326897&startdate=2017-01-03&enddate=2017-01-25,
"ARRIVAL: most recent arrival between 10 and 60 days, but with other arrivals in between",PTI HERCULES,9358307,2017-03-19,2017-08-08,2017-08-08,GS017,Regular Unleaded,37352,MT,Amsterdam,bldate,Bill date,14,Load,NL,AMS ,,,,gs101,,source file,,http://bargomatic2.compressedtime.com/bargomatic/map2.php?fitbounds=1&catchall=9358307&startdate=2017-03-08&enddate=2017-03-30,
"ARRIVAL: most recent arrival between 10 and 60 days, but with other arrivals in between",BALTIC COMMANDER I,9208112,2017-04-24,2017-08-08,2017-08-08,MD008,"GasOil / Diesel / 2 Oils, TBC",37340,MT,Amsterdam,arriveddate,Arrived,1,Load,NL,AMS ,,,,gs101,,source file,,http://bargomatic2.compressedtime.com/bargomatic/map2.php?fitbounds=1&catchall=9208112&startdate=2017-04-13&enddate=2017-05-05,
"ARRIVAL: most recent arrival between 10 and 60 days, but with other arrivals in between",FURE NORD,9271884,2017-03-17,2017-08-08,2017-08-08,MD004,0.001 / 10ppm,30000,MT,Amsterdam,arriveddate,Arrived,1,Discharge,NL,AMS ,,,,gs101,,source file,,http://bargomatic2.compressedtime.com/bargomatic/map2.php?fitbounds=1&catchall=9271884&startdate=2017-03-06&enddate=2017-03-28,
"ARRIVAL: most recent arrival between 10 and 60 days, but with other arrivals in between",PHOENIX AN,9299496,2017-04-29,2017-08-08,2017-08-08,MD008,Gasoil,19409,MT,Dilovasi (Gebze),arriveddate,Arrived,1,Discharge,TR,DLV ,,,,gs101,,source file,,http://bargomatic2.compressedtime.com/bargomatic/map2.php?fitbounds=1&catchall=9299496&startdate=2017-04-18&enddate=2017-05-10,
"ARRIVAL: most recent arrival between 10 and 60 days, but with other arrivals in between",STI COMANDANTE,9686857,2017-03-03,2017-08-08,2017-08-08,GS018,Gasoline,16317,MT,Milford Haven,saileddate,Sailed,10,Discharge,GB,MLF ,,,,gs101,,source file,,http://bargomatic2.compressedtime.com/bargomatic/map2.php?fitbounds=1&catchall=9686857&startdate=2017-02-20&enddate=2017-03-14,poi 103041 may be able to unload G
"ARRIVAL: most recent arrival between 10 and 60 days, but with other arrivals in between",STEN MOSTER,9341184,2017-07-10,2017-08-10,2017-08-10,MD008,Gasoil,15500,MT,Ghent,arriveddate,Arrived,1,Load,BE,GNE ,,,,gs101,,source file,,http://bargomatic2.compressedtime.com/bargomatic/map2.php?fitbounds=1&catchall=9341184&startdate=2017-06-29&enddate=2017-07-21,"poi 105530 may be able to load D
"
"ARRIVAL: most recent arrival between 10 and 60 days, but with other arrivals in between",ADFINES SKY,9580986,2017-01-17,2017-08-08,2017-08-08,GS002,Alkylate,14976,MT,Amsterdam,bldate,Bill date,14,Load,NL,AMS ,,,,gs101,,source file,,http://bargomatic2.compressedtime.com/bargomatic/map2.php?fitbounds=1&catchall=9580986&startdate=2017-01-06&enddate=2017-01-28,2017-02-15 12:59:13 arrive at 4928
"ARRIVAL: most recent arrival between 10 and 60 days, but with other arrivals in between",STEN FJELL,9460241,2016-12-20,2017-08-08,2017-08-08,GS037,HCCS (High Catalytic Cracked Spirit),14175,MT,Antwerp,bldate,Bill date,14,Load,BE,ANR ,,,,gs101,,source file,,http://bargomatic2.compressedtime.com/bargomatic/map2.php?fitbounds=1&catchall=9460241&startdate=2016-12-09&enddate=2016-12-31,"(1)2017-01-03 13:01:13 arrive at 5195
(2) draught decrease"
"ARRIVAL: most recent arrival between 10 and 60 days, but with other arrivals in between",SLOMAN HERMES,9466738,2017-01-16,2017-08-08,2017-08-08,GS018,Catalytic Cracked Spirit,13450,MT,Amsterdam,bldate,Bill date,14,Discharge,NL,AMS ,,,,gs101,,source file,,http://bargomatic2.compressedtime.com/bargomatic/map2.php?fitbounds=1&catchall=9466738&startdate=2017-01-05&enddate=2017-01-27,2017-02-15 17:00:47 arrive at 4935
"ARRIVAL: most recent arrival between 10 and 60 days, but with other arrivals in between",PATARA,9344423,2016-12-16,2017-08-08,2017-08-08,GS011,Naphtha,12500,MT,Amsterdam,arriveddate,Arrived,1,Discharge,NL,AMS ,,,,gs101,,source file,,http://bargomatic2.compressedtime.com/bargomatic/map2.php?fitbounds=1&catchall=9344423&startdate=2016-12-05&enddate=2016-12-27,2017-01-15 16:13:36 arrive at 105800
"ARRIVAL: most recent arrival between 10 and 60 days, but with other arrivals in between",ELI KNUTSEN,9409261,2016-12-15,2017-08-08,2017-08-08,GS019,EBOB,12356,MT,Amsterdam,bldate,Bill date,14,Discharge,NL,AMS ,,,,gs101,,source file,,http://bargomatic2.compressedtime.com/bargomatic/map2.php?fitbounds=1&catchall=9409261&startdate=2016-12-04&enddate=2016-12-26,2017-01-14 17:00:34 arrive at 105071
"ARRIVAL: most recent arrival between 10 and 60 days, but with other arrivals in between",BESIKTAS ZEALAND,9431044,2017-05-23,2017-08-08,2017-08-08,GS028,"Gasoline + Blending Components, TBC",8609,MT,Rotterdam,arriveddate,Arrived,1,Discharge,NL,RTM ,,,,gs101,,source file,,http://bargomatic2.compressedtime.com/bargomatic/map2.php?fitbounds=1&catchall=9431044&startdate=2017-05-12&enddate=2017-06-03,2017-06-19 02:48:24 arrive at 105529
"ARRIVAL: most recent arrival between 10 and 60 days, but with other arrivals in between",STEN MOSTER,9341184,2014-03-07,2017-08-08,2017-08-08,GS011,Naphtha,8453,MT,Amsterdam,arriveddate,Arrived,1,Discharge,NL,AMS ,,,,gs101,,source file,,http://bargomatic2.compressedtime.com/bargomatic/map2.php?fitbounds=1&catchall=9341184&startdate=2014-02-24&enddate=2014-03-18,2014-03-02 11:01:13.233 arrive at 4928
"ARRIVAL: most recent arrival between 10 and 60 days, but with other arrivals in between",COLORADO STAR,9527609,2017-05-19,2017-08-08,2017-08-08,BF005,B100 - FATTY ACID METHYL ESTER (FAME),7883,MT,Rotterdam,arriveddate,Arrived,1,Load,NL,RTM ,,,,gs101,,source file,,http://bargomatic2.compressedtime.com/bargomatic/map2.php?fitbounds=1&catchall=9527609&startdate=2017-05-08&enddate=2017-05-30,2017-06-05 11:17:56 arrive at 2171
"ARRIVAL: most recent arrival between 10 and 60 days, but with other arrivals in between",CLAUS,9268253,2017-01-06,2017-08-08,2017-08-08,GS004,Benzene Concentrate,6900,MT,Milford Haven,bldate,Bill date,14,Load,GB,MLF ,,,,gs101,,source file,,http://bargomatic2.compressedtime.com/bargomatic/map2.php?fitbounds=1&catchall=9268253&startdate=2016-12-26&enddate=2017-01-17,2017-01-18 13:49:47 arrive at 103042
"ARRIVAL: most recent arrival between 10 and 60 days, but with other arrivals in between",NORDIC THERESA,9428437,2016-11-16,2017-08-08,2017-08-08,GS013,Pygas,6297,MT,Ghent,bldate,Bill date,14,Discharge,BE,GNE ,,,,gs101,,source file,,http://bargomatic2.compressedtime.com/bargomatic/map2.php?fitbounds=1&catchall=9428437&startdate=2016-11-05&enddate=2016-11-27,2016-12-23 07:58:03 arrive at 105536
"ARRIVAL: most recent arrival between 10 and 60 days, but with other arrivals in between",SICHEM OSPREY,9396024,2016-12-09,2017-08-08,2017-08-08,GS013,Heavy Pygas,6283,MT,Amsterdam,bldate,Bill date,14,Discharge,NL,AMS ,,,,gs101,,source file,,http://bargomatic2.compressedtime.com/bargomatic/map2.php?fitbounds=1&catchall=9396024&startdate=2016-11-28&enddate=2016-12-20,2017-01-07 04:19:09 arrive at 4935
"ARRIVAL: most recent arrival between 10 and 60 days, but with other arrivals in between",SAMPATIKI,9405772,2017-05-04,2017-08-08,2017-08-08,MD004,ULSD 10ppm,5898,MT,Piraeus,arriveddate,Arrived,1,Discharge,GR,PIR ,,,,gs101,,source file,,http://bargomatic2.compressedtime.com/bargomatic/map2.php?fitbounds=1&catchall=9405772&startdate=2017-04-23&enddate=2017-05-15,2017-06-14 14:54:39 arrive at 106775
"ARRIVAL: most recent arrival between 10 and 60 days, but with other arrivals in between",VF TANKER-13,9645023,2017-06-03,2017-08-08,2017-08-08,GS011,Naphtha,5533,MT,Aliaga,arriveddate,Arrived,1,Discharge,TR,ALI ,,,,gs101,,source file,,http://bargomatic2.compressedtime.com/bargomatic/map2.php?fitbounds=1&catchall=9645023&startdate=2017-05-23&enddate=2017-06-14,2017-07-06 07:56:43 arrive at 100985
"ARRIVAL: most recent arrival between 10 and 60 days, but with other arrivals in between",ELSA ESSBERGER,9481001,2017-04-22,2017-08-08,2017-08-08,GS013,Pygas,4693,MT,Rotterdam,arriveddate,Arrived,1,Load,NL,RTM ,,,,gs101,,source file,,http://bargomatic2.compressedtime.com/bargomatic/map2.php?fitbounds=1&catchall=9481001&startdate=2017-04-11&enddate=2017-05-03,poi 104134 may be able to load G
"ARRIVAL: most recent arrival between 10 and 60 days, but with other arrivals in between",FURE NORD,9271884,2017-03-17,2017-08-08,2017-08-08,GS051,Light Hydro Crackate,4543,MT,Amsterdam,arriveddate,Arrived,1,Discharge,NL,AMS ,,,,gs101,,source file,,http://bargomatic2.compressedtime.com/bargomatic/map2.php?fitbounds=1&catchall=9271884&startdate=2017-03-06&enddate=2017-03-28,2017-04-17 23:58:54 arrive at 105071
"ARRIVAL: most recent arrival between 10 and 60 days, but with other arrivals in between",PACIFIC,9308900,2016-12-30,2017-08-08,2017-08-08,GS013,Pygas,3099,MT,Antwerp,arriveddate,Arrived,1,Discharge,BE,ANR ,,,,gs101,,source file,,http://bargomatic2.compressedtime.com/bargomatic/map2.php?fitbounds=1&catchall=9308900&startdate=2016-12-19&enddate=2017-01-10,2017-01-18 20:58:29 arrive at 5195
"ARRIVAL: most recent arrival between 10 and 60 days, but with other arrivals in between",NAVIGATOR CERES,9704518,2017-06-06,2017-08-08,2017-08-08,GS049,Raffinate,2999,MT,Terneuzen,arriveddate,Arrived,1,Load,NL,TNZ ,,,,gs101,,source file,,http://bargomatic2.compressedtime.com/bargomatic/map2.php?fitbounds=1&catchall=9704518&startdate=2017-05-26&enddate=2017-06-17,poi 104729 may be able to load G
"ARRIVAL: most recent arrival between 10 and 60 days, but with other arrivals in between",HANNE THERESA,9246918,2017-02-19,2017-08-08,2017-08-08,GS009,Ethanol Blend,2967,MT,Antwerp,arriveddate,Arrived,1,Discharge,BE,ANR ,,,,gs101,,source file,,http://bargomatic2.compressedtime.com/bargomatic/map2.php?fitbounds=1&catchall=9246918&startdate=2017-02-08&enddate=2017-03-02,"(1)2017-03-22 14:27:46 arrive at 104380
(2)poi 104380 may be able to unload A"
"ARRIVAL: most recent arrival between 10 and 60 days, but with other arrivals in between",ISTOROMI,9322372,2017-02-21,2017-08-08,2017-08-08,GS010,Methyl Tert-Butyl Ether (MTBE),2624,MT,Antwerp,arriveddate,Arrived,1,Load,BE,ANR ,,,,gs101,,source file,,http://bargomatic2.compressedtime.com/bargomatic/map2.php?fitbounds=1&catchall=9322372&startdate=2017-02-10&enddate=2017-03-04,"(1)2017-03-25 21:00:02.307 arrive at 104380
(2)no draught change "
"ARRIVAL: most recent arrival between 10 and 60 days, but with other arrivals in between",WESTSTELLINGWERF,13947,2017-01-12,2017-08-08,2017-08-08,GS011,Naphtha,2365,MT,Antwerp,bertheddate,Berthed,2,Discharge,BE,ANR ,,,,gs101,,manual modification,,http://bargomatic2.compressedtime.com/bargomatic/map2.php?fitbounds=1&catchall=13947&startdate=2017-01-01&enddate=2017-01-23,"New POI 51.27305,4.3333,51.270244,4.331023"
"ARRIVAL: most recent arrival between 10 and 60 days, but with other arrivals in between",COOLWATER,9377949,2017-05-22,2017-08-08,2017-08-08,GS004,Benzene,2100,MT,Antwerp,arriveddate,Arrived,1,Discharge,BE,ANR ,,,,gs101,,source file,,http://bargomatic2.compressedtime.com/bargomatic/map2.php?fitbounds=1&catchall=9377949&startdate=2017-05-11&enddate=2017-06-02,2017-06-23 20:55:07 arrive at 104019
"ARRIVAL: most recent arrival between 10 and 60 days, but with other arrivals in between",FELLOWSHIP,9468334,2017-03-22,2017-08-08,2017-08-08,GS010,MTBE,2096,MT,Rotterdam,arriveddate,Arrived,1,Discharge,NL,RTM ,,,,gs101,,source file,,http://bargomatic2.compressedtime.com/bargomatic/map2.php?fitbounds=1&catchall=9468334&startdate=2017-03-11&enddate=2017-04-02,2017-04-27 00:34:55 arrive at 5198
"ARRIVAL: most recent arrival between 10 and 60 days, but with other arrivals in between",SOMTRANS XVI,9570072,2017-04-14,2017-08-08,2017-08-08,MD004,ULSD 10ppm,2003,MT,Antwerp,arriveddate,Arrived,1,Load,BE,ANR ,,,,gs101,,source file,,http://bargomatic2.compressedtime.com/bargomatic/map2.php?fitbounds=1&catchall=9570072&startdate=2017-04-03&enddate=2017-04-25,"(1)2017-05-27 13:05:22 arrive at 2102
(2)no draught change"
"ARRIVAL: most recent arrival between 10 and 60 days, but with other arrivals in between",DUBAI,8404226,2017-05-29,2017-08-08,2017-08-08,MD004,ULSD,1997,MT,Rotterdam,arriveddate,Arrived,1,Load,NL,RTM ,,,,gs101,,source file,,http://bargomatic2.compressedtime.com/bargomatic/map2.php?fitbounds=1&catchall=8404226&startdate=2017-05-18&enddate=2017-06-09,vessel didn't go to Rotterdam
"ARRIVAL: most recent arrival between 10 and 60 days, but with other arrivals in between",PUCCINI,9156993,2017-06-20,2017-08-08,2017-08-08,GS031,RBOB (Reformulated Gasoline BOB),1900,MT,Amsterdam,arriveddate,Arrived,1,Load,NL,AMS ,,,,gs101,,source file,,http://bargomatic2.compressedtime.com/bargomatic/map2.php?fitbounds=1&catchall=9156993&startdate=2017-06-09&enddate=2017-07-01,Vessel didn't go to Amsterdam
"ARRIVAL: most recent arrival between 10 and 60 days, but with other arrivals in between",ADMIRAL,9234616,2017-03-27,2017-08-08,2017-08-08,GS019,Eurobob,1897,MT,Rotterdam,arriveddate,Arrived,1,Discharge,NL,RTM ,,,,gs101,,manual modification,,http://bargomatic2.compressedtime.com/bargomatic/map2.php?fitbounds=1&catchall=9234616&startdate=2017-03-16&enddate=2017-04-07,vessel didn't go to Rotterdam
"ARRIVAL: most recent arrival between 10 and 60 days, but with other arrivals in between",PUCCINI,9156993,2017-06-26,2017-08-08,2017-08-08,GS019,Eurobob,1862,MT,Amsterdam,arriveddate,Arrived,1,Load,NL,AMS ,,,,gs101,,source file,,http://bargomatic2.compressedtime.com/bargomatic/map2.php?fitbounds=1&catchall=9156993&startdate=2017-06-15&enddate=2017-07-07,vessel didn't go to Amsterdam
"ARRIVAL: most recent arrival between 10 and 60 days, but with other arrivals in between",PUCCINI,9156993,2017-06-20,2017-08-08,2017-08-08,GS019,Eurobob,1854,MT,Amsterdam,arriveddate,Arrived,1,Load,NL,AMS ,,,,gs101,,source file,,http://bargomatic2.compressedtime.com/bargomatic/map2.php?fitbounds=1&catchall=9156993&startdate=2017-06-09&enddate=2017-07-01,Vessel didn't go to Amsterdam
"ARRIVAL: most recent arrival between 10 and 60 days, but with other arrivals in between",THRESHER,9377951,2017-06-08,2017-08-08,2017-08-08,GS049,Raffinate-1,1583,MT,Antwerp,arriveddate,Arrived,1,Discharge,BE,ANR ,,,,gs101,,source file,,http://bargomatic2.compressedtime.com/bargomatic/map2.php?fitbounds=1&catchall=9377951&startdate=2017-05-28&enddate=2017-06-19,POI 105343 may be able to unload G
"ARRIVAL: most recent arrival between 10 and 60 days, but with other arrivals in between",RIVA,9576208,2017-01-24,2017-08-08,2017-08-08,GS010,MTBE,1248,MT,Amsterdam,arriveddate,Arrived,1,Discharge,NL,AMS ,,,,gs101,,manual modification,,http://bargomatic2.compressedtime.com/bargomatic/map2.php?fitbounds=1&catchall=9576208&startdate=2017-01-13&enddate=2017-02-04,2017-03-02 23:00:20.407 arrive at 103570
"ARRIVAL: most recent arrival between 10 and 60 days, but with other arrivals in between",PUCCINI,9156993,2017-06-20,2017-08-08,2017-08-08,GS019,EBOB,0,MT,Amsterdam,arriveddate,Arrived,1,Load,NL,AMS ,,,,gs101,,source file,,http://bargomatic2.compressedtime.com/bargomatic/map2.php?fitbounds=1&catchall=9156993&startdate=2017-06-09&enddate=2017-07-01,Vessel didn't go to Amsterdam
ARRIVAL: most recent arrival later than 60 days ,KRITI AMETHYST,9074999,2017-01-27,2017-08-08,2017-08-08,MD008,Gasoil,27079,MT,Dilovasi (Gebze),arriveddate,Arrived,1,Discharge,TR,DLV ,,,,gs101,,source file,,http://bargomatic2.compressedtime.com/bargomatic/map2.php?fitbounds=1&catchall=9074999&startdate=2017-01-16&enddate=2017-02-07,
ARRIVAL: most recent arrival later than 60 days ,BALTIC SOUL,9228813,2017-03-11,2017-08-08,2017-08-08,MD008,"GasOil / Diesel / 2 Oils, TBC",16421,MT,Amsterdam,arriveddate,Arrived,1,Discharge,NL,AMS ,,,,gs101,,source file,,http://bargomatic2.compressedtime.com/bargomatic/map2.php?fitbounds=1&catchall=9228813&startdate=2017-02-28&enddate=2017-03-22,
ARRIVAL: most recent arrival later than 60 days ,STOLT JAEGER,9114775,2016-12-25,2017-08-08,2017-08-08,BF002,Biodiesel,6177,MT,Ghent,arriveddate,Arrived,1,Load,BE,GNE ,,,,gs101,,source file,,http://bargomatic2.compressedtime.com/bargomatic/map2.php?fitbounds=1&catchall=9114775&startdate=2016-12-14&enddate=2017-01-05,
ARRIVAL: most recent arrival later than 60 days ,METIN KA,9445382,2017-01-07,2017-08-08,2017-08-08,MD004,ULSD,5204,MT,Izmit,arriveddate,Arrived,1,Load,TR,IZT ,,,,gs101,,source file,,http://bargomatic2.compressedtime.com/bargomatic/map2.php?fitbounds=1&catchall=9445382&startdate=2016-12-27&enddate=2017-01-18,
ARRIVAL: most recent arrival later than 60 days ,METIN KA,9445382,2017-01-18,2017-08-08,2017-08-08,MD004,ULSD,5204,MT,Izmit,bertheddate,Berthed,2,Load,TR,IZT ,,,,gs101,,source file,,http://bargomatic2.compressedtime.com/bargomatic/map2.php?fitbounds=1&catchall=9445382&startdate=2017-01-07&enddate=2017-01-29,
ARRIVAL: most recent arrival later than 60 days ,STOLT GROENLAND,9414072,2017-03-11,2017-08-08,2017-08-08,BF005,Bottom Distillated Methyl Ester,4993,MT,Rotterdam,arriveddate,Arrived,1,Load,NL,RTM ,,,,gs101,,source file,,http://bargomatic2.compressedtime.com/bargomatic/map2.php?fitbounds=1&catchall=9414072&startdate=2017-02-28&enddate=2017-03-22,
ARRIVAL: most recent arrival later than 60 days ,RIROIL 5,9175248,2016-12-20,2017-08-08,2017-08-08,GS018,Gasoline,3998,MT,Piraeus,arriveddate,Arrived,1,Discharge,GR,PIR ,,,,gs101,,source file,,http://bargomatic2.compressedtime.com/bargomatic/map2.php?fitbounds=1&catchall=9175248&startdate=2016-12-09&enddate=2016-12-31,
ARRIVAL: most recent arrival later than 60 days ,NORDIC SUND,9375977,2017-02-27,2017-08-08,2017-08-08,GS009,Ethanol,2502,MT,Hull,arriveddate,Arrived,1,Discharge,GB,HUL ,,,,gs101,,source file,,http://bargomatic2.compressedtime.com/bargomatic/map2.php?fitbounds=1&catchall=9375977&startdate=2017-02-16&enddate=2017-03-10,
ARRIVAL: most recent arrival later than 60 days ,ELSASS,8818257,2017-01-16,2017-08-08,2017-08-08,BF002,Biodiesel,1998,MT,Ghent,arriveddate,Arrived,1,Load,BE,GNE ,,,,gs101,,source file,,http://bargomatic2.compressedtime.com/bargomatic/map2.php?fitbounds=1&catchall=8818257&startdate=2017-01-05&enddate=2017-01-27,
ARRIVAL: most recent arrival later than 60 days ,DUBAI,8404226,2017-04-08,2017-08-08,2017-08-08,MD004,ULSD,1695,MT,Rotterdam,arriveddate,Arrived,1,Load,NL,RTM ,,,,gs101,,source file,,http://bargomatic2.compressedtime.com/bargomatic/map2.php?fitbounds=1&catchall=8404226&startdate=2017-03-28&enddate=2017-04-19,
ARRIVAL: most recent arrival later than 60 days ,AMONITH,9164093,2016-12-29,2017-08-08,2017-08-08,AA101,GasCondensate,1600,MT,Antwerp,arriveddate,Arrived,1,Discharge,BE,ANR ,,,,gs101,,source file,,http://bargomatic2.compressedtime.com/bargomatic/map2.php?fitbounds=1&catchall=9164093&startdate=2016-12-18&enddate=2017-01-09,
ARRIVAL: most recent arrival later than 60 days ,AMONITH,9164093,2016-12-28,2017-08-08,2017-08-08,AA101,GasCondensate,1325,MT,Antwerp,arriveddate,Arrived,1,Discharge,BE,ANR ,,,,gs101,,source file,,http://bargomatic2.compressedtime.com/bargomatic/map2.php?fitbounds=1&catchall=9164093&startdate=2016-12-17&enddate=2017-01-08,
ARRIVAL: most recent arrival later than 60 days ,RIVER PRIDE,9323986,2017-02-25,2017-08-08,2017-08-08,GS010,MTBE,950,MT,Rotterdam,arriveddate,Arrived,1,Discharge,NL,RTM ,,,,gs101,,source file,,http://bargomatic2.compressedtime.com/bargomatic/map2.php?fitbounds=1&catchall=9323986&startdate=2017-02-14&enddate=2017-03-08,
ARRIVAL: no arrival match,LAVELA,9381512,2017-03-08,2017-08-08,2017-08-08,BF005,FATTY ACID METHYL ESTER (FAME),34555,MT,Agioi Theodoroi,arriveddate,Arrived,1,Load,GR,AGT ,,,,gs101,,source file,,http://bargomatic2.compressedtime.com/bargomatic/map2.php?fitbounds=1&catchall=9381512&startdate=2017-02-25&enddate=2017-03-19,
ARRIVAL: no arrival match,NORIENT SOLAR,9396373,2017-02-12,2017-08-08,2017-08-08,GS018,Gasoline,33276,MT,London,bldate,Bill date,14,Discharge,GB,LON ,,,,gs101,,source file,,http://bargomatic2.compressedtime.com/bargomatic/map2.php?fitbounds=1&catchall=9396373&startdate=2017-02-01&enddate=2017-02-23,
ARRIVAL: no arrival match,PHOENIX AN,9299496,2017-04-03,2017-08-08,2017-08-08,MD004,ULSD 10ppm,29972,MT,Agioi Theodoroi,arriveddate,Arrived,1,Load,GR,AGT ,,,,gs101,,source file,,http://bargomatic2.compressedtime.com/bargomatic/map2.php?fitbounds=1&catchall=9299496&startdate=2017-03-23&enddate=2017-04-14,
ARRIVAL: no arrival match,ARION,9232175,2017-04-08,2017-08-08,2017-08-08,MD004,ULSD 10ppm,29956,MT,Agioi Theodoroi,arriveddate,Arrived,1,Load,GR,AGT ,,,,gs101,,source file,,http://bargomatic2.compressedtime.com/bargomatic/map2.php?fitbounds=1&catchall=9232175&startdate=2017-03-28&enddate=2017-04-19,
ARRIVAL: no arrival match,KING EMERALD,9267027,2017-06-19,2017-08-08,2017-08-08,GS011,Naphtha,29949,MT,Antwerp,arriveddate,Arrived,1,Discharge,BE,ANR ,,,,gs101,,source file,,http://bargomatic2.compressedtime.com/bargomatic/map2.php?fitbounds=1&catchall=9267027&startdate=2017-06-08&enddate=2017-06-30,
ARRIVAL: no arrival match,MARLIN APATITE,9721891,2017-05-25,2017-08-08,2017-08-08,MD008,Gasoil,20504,MT,Amsterdam,arriveddate,Arrived,1,Discharge,NL,AMS ,,,,gs101,,source file,,http://bargomatic2.compressedtime.com/bargomatic/map2.php?fitbounds=1&catchall=9721891&startdate=2017-05-14&enddate=2017-06-05,
ARRIVAL: no arrival match,ANDROMEDA,9315795,2017-02-01,2017-08-08,2017-08-08,MD004,0.001 / 10ppm,16789,MT,Thessaloniki,bldate,Bill date,14,Discharge,GR,SKG ,,,,gs101,,source file,,http://bargomatic2.compressedtime.com/bargomatic/map2.php?fitbounds=1&catchall=9315795&startdate=2017-01-21&enddate=2017-02-12,
ARRIVAL: no arrival match,SICHEM EAGLE,9388704,2017-01-14,2017-08-08,2017-08-08,BF002,Biodiesel,16759,MT,Rotterdam,arriveddate,Arrived,1,Load,NL,RTM ,,,,gs101,,source file,,http://bargomatic2.compressedtime.com/bargomatic/map2.php?fitbounds=1&catchall=9388704&startdate=2017-01-03&enddate=2017-01-25,
ARRIVAL: no arrival match,LEANDER,8114998,2017-04-15,2017-08-08,2017-08-08,MD004,ULSD,11500,MT,Plymouth (United Kingdom),arriveddate,Arrived,1,Discharge,GB,PLY ,,,,gs101,,source file,,http://bargomatic2.compressedtime.com/bargomatic/map2.php?fitbounds=1&catchall=8114998&startdate=2017-04-04&enddate=2017-04-26,
ARRIVAL: no arrival match,LEANDER,8114998,2017-04-15,2017-08-08,2017-08-08,MD003,Diesel,11285,MT,Plymouth (United Kingdom),arriveddate,Arrived,1,Discharge,GB,PLY ,,,,gs101,,source file,,http://bargomatic2.compressedtime.com/bargomatic/map2.php?fitbounds=1&catchall=8114998&startdate=2017-04-04&enddate=2017-04-26,
ARRIVAL: no arrival match,AIGRAN D,9138408,2017-05-31,2017-08-08,2017-08-08,BF005,FATTY ACID METHYL ESTER (FAME),9508,MT,Ellesmere Port,arriveddate,Arrived,1,Load,GB,ELL ,,,,gs101,,source file,,http://bargomatic2.compressedtime.com/bargomatic/map2.php?fitbounds=1&catchall=9138408&startdate=2017-05-20&enddate=2017-06-11,
ARRIVAL: no arrival match,CAROLINE ESSBERGER,9439151,2017-03-07,2017-08-08,2017-08-08,BF005,FATTY ACID METHYL ESTER (FAME),7660,MT,London,arriveddate,Arrived,1,Discharge,GB,LON ,,,,gs101,,source file,,http://bargomatic2.compressedtime.com/bargomatic/map2.php?fitbounds=1&catchall=9439151&startdate=2017-02-24&enddate=2017-03-18,
ARRIVAL: no arrival match,MED ARCTIC,9410545,2017-02-14,2017-08-08,2017-08-08,BF005,FATTY ACID METHYL ESTER (FAME),7600,MT,London,arriveddate,Arrived,1,Discharge,GB,LON ,,,,gs101,,source file,,http://bargomatic2.compressedtime.com/bargomatic/map2.php?fitbounds=1&catchall=9410545&startdate=2017-02-03&enddate=2017-02-25,
ARRIVAL: no arrival match,NORTHSEA ALPHA,9547764,2017-01-29,2017-08-08,2017-08-08,BF005,FATTY ACID METHYL ESTER (FAME),7329,MT,London,arriveddate,Arrived,1,Discharge,GB,LON ,,,,gs101,,source file,,http://bargomatic2.compressedtime.com/bargomatic/map2.php?fitbounds=1&catchall=9547764&startdate=2017-01-18&enddate=2017-02-09,
ARRIVAL: no arrival match,BOMAR SEDNA,9383651,2017-01-02,2017-08-08,2017-08-08,BF005,FATTY ACID METHYL ESTER (FAME),7100,MT,London,arriveddate,Arrived,1,Discharge,GB,LON ,,,,gs101,,source file,,http://bargomatic2.compressedtime.com/bargomatic/map2.php?fitbounds=1&catchall=9383651&startdate=2016-12-22&enddate=2017-01-13,
ARRIVAL: no arrival match,CAROLINE THERESA,9428449,2017-04-14,2017-08-08,2017-08-08,BF005,Fame,7033,MT,London,arriveddate,Arrived,1,Discharge,GB,LON ,,,,gs101,,source file,,http://bargomatic2.compressedtime.com/bargomatic/map2.php?fitbounds=1&catchall=9428449&startdate=2017-04-03&enddate=2017-04-25,
ARRIVAL: no arrival match,CAROLINE THERESA,9428449,2017-04-23,2017-08-08,2017-08-08,BF005,Fame,7016,MT,London,arriveddate,Arrived,1,Discharge,GB,LON ,,,,gs101,,source file,,http://bargomatic2.compressedtime.com/bargomatic/map2.php?fitbounds=1&catchall=9428449&startdate=2017-04-12&enddate=2017-05-04,
ARRIVAL: no arrival match,ANNELISE THERESA,9478286,2017-06-02,2017-08-08,2017-08-08,BF005,FATTY ACID METHYL ESTER (FAME),7000,MT,London,arriveddate,Arrived,1,Discharge,GB,LON ,,,,gs101,,source file,,http://bargomatic2.compressedtime.com/bargomatic/map2.php?fitbounds=1&catchall=9478286&startdate=2017-05-22&enddate=2017-06-13,
ARRIVAL: no arrival match,CAROLINE THERESA,9428449,2017-06-13,2017-08-08,2017-08-08,BF005,FATTY ACID METHYL ESTER (FAME),7000,MT,Teesport,bertheddate,Berthed,2,Discharge,GB,TEE ,,,,gs101,,source file,,http://bargomatic2.compressedtime.com/bargomatic/map2.php?fitbounds=1&catchall=9428449&startdate=2017-06-02&enddate=2017-06-24,
ARRIVAL: no arrival match,ANNELISE THERESA,9478286,2017-08-04,2017-08-09,2017-08-09,BF005,FATTY ACID METHYL ESTER (FAME),7000,MT,London,arriveddate,Arrived,1,Discharge,GB,LON ,,,,gs101,,source file,,http://bargomatic2.compressedtime.com/bargomatic/map2.php?fitbounds=1&catchall=9478286&startdate=2017-07-24&enddate=2017-08-15,
ARRIVAL: no arrival match,KARINA THERESA,9428451,2017-07-13,2017-08-08,2017-08-08,BF005,FATTY ACID METHYL ESTER (FAME),6998,MT,London,arriveddate,Arrived,1,Discharge,GB,LON ,,,,gs101,,source file,,http://bargomatic2.compressedtime.com/bargomatic/map2.php?fitbounds=1&catchall=9428451&startdate=2017-07-02&enddate=2017-07-24,
ARRIVAL: no arrival match,ANNELISE THERESA,9478286,2017-06-30,2017-08-08,2017-08-08,BF005,FATTY ACID METHYL ESTER (FAME),6995,MT,London,arriveddate,Arrived,1,Discharge,GB,LON ,,,,gs101,,source file,,http://bargomatic2.compressedtime.com/bargomatic/map2.php?fitbounds=1&catchall=9478286&startdate=2017-06-19&enddate=2017-07-11,
ARRIVAL: no arrival match,CAROLINE THERESA,9428449,2017-06-16,2017-08-08,2017-08-08,BF005,FATTY ACID METHYL ESTER (FAME),6994,MT,London,arriveddate,Arrived,1,Discharge,GB,LON ,,,,gs101,,source file,,http://bargomatic2.compressedtime.com/bargomatic/map2.php?fitbounds=1&catchall=9428449&startdate=2017-06-05&enddate=2017-06-27,
ARRIVAL: no arrival match,KARINA THERESA,9428451,2017-02-25,2017-08-08,2017-08-08,BF005,FATTY ACID METHYL ESTER (FAME),6993,MT,London,arriveddate,Arrived,1,Discharge,GB,LON ,,,,gs101,,source file,,http://bargomatic2.compressedtime.com/bargomatic/map2.php?fitbounds=1&catchall=9428451&startdate=2017-02-14&enddate=2017-03-08,
ARRIVAL: no arrival match,ANNELISE THERESA,9478286,2017-06-02,2017-08-08,2017-08-08,BF005,FATTY ACID METHYL ESTER (FAME),6992,MT,London,arriveddate,Arrived,1,Discharge,GB,LON ,,,,gs101,,source file,,http://bargomatic2.compressedtime.com/bargomatic/map2.php?fitbounds=1&catchall=9478286&startdate=2017-05-22&enddate=2017-06-13,
ARRIVAL: no arrival match,ANNELISE THERESA,9478286,2017-07-25,2017-08-08,2017-08-08,BF005,FATTY ACID METHYL ESTER (FAME),6982,MT,London,arriveddate,Arrived,1,Discharge,GB,LON ,,,,gs101,,source file,,http://bargomatic2.compressedtime.com/bargomatic/map2.php?fitbounds=1&catchall=9478286&startdate=2017-07-14&enddate=2017-08-05,
ARRIVAL: no arrival match,NORDIC THERESA,9428437,2017-01-11,2017-08-08,2017-08-08,BF005,FATTY ACID METHYL ESTER (FAME),6979,MT,London,arriveddate,Arrived,1,Discharge,GB,LON ,,,,gs101,,source file,,http://bargomatic2.compressedtime.com/bargomatic/map2.php?fitbounds=1&catchall=9428437&startdate=2016-12-31&enddate=2017-01-22,
ARRIVAL: no arrival match,ANNELISE THERESA,9478286,2017-08-04,2017-08-08,2017-08-08,BF005,FATTY ACID METHYL ESTER (FAME),6960,MT,London,arriveddate,Arrived,1,Discharge,GB,LON ,,,,gs101,,source file,,http://bargomatic2.compressedtime.com/bargomatic/map2.php?fitbounds=1&catchall=9478286&startdate=2017-07-24&enddate=2017-08-15,
ARRIVAL: no arrival match,CAROLINE THERESA,9428449,2017-01-27,2017-08-08,2017-08-08,BF005,FATTY ACID METHYL ESTER (FAME),6950,MT,London,bertheddate,Berthed,2,Discharge,GB,LON ,,,,gs101,,source file,,http://bargomatic2.compressedtime.com/bargomatic/map2.php?fitbounds=1&catchall=9428449&startdate=2017-01-16&enddate=2017-02-07,
ARRIVAL: no arrival match,SICHEM CROISIC,9216470,2016-12-25,2017-08-08,2017-08-08,BF005,FATTY ACID METHYL ESTER (FAME),6786,MT,Ghent,arriveddate,Arrived,1,Load,BE,GNE ,,,,gs101,,source file,,http://bargomatic2.compressedtime.com/bargomatic/map2.php?fitbounds=1&catchall=9216470&startdate=2016-12-14&enddate=2017-01-05,
ARRIVAL: no arrival match,SICHEM CROISIC,9216470,2017-12-27,2017-08-08,2017-08-08,BF005,FATTY ACID METHYL ESTER (FAME),6786,MT,Ghent,bldate,Bill date,14,Load,BE,GNE ,,,,gs101,,source file,,http://bargomatic2.compressedtime.com/bargomatic/map2.php?fitbounds=1&catchall=9216470&startdate=2017-12-16&enddate=2018-01-07,
ARRIVAL: no arrival match,YM NEPTUNE,9464106,2017-01-04,2017-08-08,2017-08-08,GS013,Pygas,6190,MT,Amsterdam,bldate,Bill date,14,Discharge,NL,AMS ,,,,gs101,,source file,,http://bargomatic2.compressedtime.com/bargomatic/map2.php?fitbounds=1&catchall=9464106&startdate=2016-12-24&enddate=2017-01-15,
ARRIVAL: no arrival match,COLORADO STAR,9527609,2017-05-23,2017-08-08,2017-08-08,BF005,FATTY ACID METHYL ESTER (FAME),6105,MT,Ellesmere Port,arriveddate,Arrived,1,Discharge,GB,ELL ,,,,gs101,,source file,,http://bargomatic2.compressedtime.com/bargomatic/map2.php?fitbounds=1&catchall=9527609&startdate=2017-05-12&enddate=2017-06-03,
ARRIVAL: no arrival match,ATLANTIC TWIN,9341328,2017-06-28,2017-08-08,2017-08-08,BF005,FATTY ACID METHYL ESTER (FAME),6093,MT,Ellesmere Port,arriveddate,Arrived,1,Load,GB,ELL ,,,,gs101,,source file,,http://bargomatic2.compressedtime.com/bargomatic/map2.php?fitbounds=1&catchall=9341328&startdate=2017-06-17&enddate=2017-07-09,
ARRIVAL: no arrival match,NORTHSEA BETA,9547776,2017-03-17,2017-08-08,2017-08-08,BF005,FATTY ACID METHYL ESTER (FAME),6003,MT,London,arriveddate,Arrived,1,Discharge,GB,LON ,,,,gs101,,source file,,http://bargomatic2.compressedtime.com/bargomatic/map2.php?fitbounds=1&catchall=9547776&startdate=2017-03-06&enddate=2017-03-28,
ARRIVAL: no arrival match,MURRAY STAR,9527635,2017-07-13,2017-08-08,2017-08-08,BF005,FATTY ACID METHYL ESTER (FAME),5880,MT,Ellesmere Port,arriveddate,Arrived,1,Discharge,GB,ELL ,,,,gs101,,source file,,http://bargomatic2.compressedtime.com/bargomatic/map2.php?fitbounds=1&catchall=9527635&startdate=2017-07-02&enddate=2017-07-24,
ARRIVAL: no arrival match,PACIFIC,9308900,2017-04-04,2017-08-08,2017-08-08,BF005,FATTY ACID METHYL ESTER (FAME),5870,MT,London,arriveddate,Arrived,1,Discharge,GB,LON ,,,,gs101,,source file,,http://bargomatic2.compressedtime.com/bargomatic/map2.php?fitbounds=1&catchall=9308900&startdate=2017-03-24&enddate=2017-04-15,
ARRIVAL: no arrival match,PACIFIC,9308900,2017-04-04,2017-08-08,2017-08-08,BF005,FATTY ACID METHYL ESTER (FAME),5865,MT,London,arriveddate,Arrived,1,Discharge,GB,LON ,,,,gs101,,source file,,http://bargomatic2.compressedtime.com/bargomatic/map2.php?fitbounds=1&catchall=9308900&startdate=2017-03-24&enddate=2017-04-15,
ARRIVAL: no arrival match,ORAKAI,9402689,2017-07-21,2017-08-10,2017-08-10,BF005,FATTY ACID METHYL ESTER (FAME),5860,MT,Ghent,arriveddate,Arrived,1,Discharge,BE,GNE ,,,,gs101,,source file,,http://bargomatic2.compressedtime.com/bargomatic/map2.php?fitbounds=1&catchall=9402689&startdate=2017-07-10&enddate=2017-08-01,
ARRIVAL: no arrival match,ALICE THERESA,9478303,2017-07-12,2017-08-08,2017-08-08,BF005,FATTY ACID METHYL ESTER (FAME),5737,MT,Antwerp,arriveddate,Arrived,1,Load,BE,ANR ,,,,gs101,,source file,,http://bargomatic2.compressedtime.com/bargomatic/map2.php?fitbounds=1&catchall=9478303&startdate=2017-07-01&enddate=2017-07-23,
ARRIVAL: no arrival match,BOMAR VENUS,9374014,2017-07-21,2017-08-08,2017-08-08,BF005,FATTY ACID METHYL ESTER (FAME),5706,MT,Antwerp,bertheddate,Berthed,2,Load,BE,ANR ,,,,gs101,,source file,,http://bargomatic2.compressedtime.com/bargomatic/map2.php?fitbounds=1&catchall=9374014&startdate=2017-07-10&enddate=2017-08-01,
ARRIVAL: no arrival match,EVIAPETROL V,9358503,2017-07-18,2017-08-08,2017-08-08,MD008,Gasoil,5572,MT,Volos,arriveddate,Arrived,1,Discharge,GR,VOL ,,,,gs101,,source file,,http://bargomatic2.compressedtime.com/bargomatic/map2.php?fitbounds=1&catchall=9358503&startdate=2017-07-07&enddate=2017-07-29,
ARRIVAL: no arrival match,NORDIC NELLY,9130808,2017-01-25,2017-08-08,2017-08-08,BF005,FATTY ACID METHYL ESTER (FAME),5316,MT,Antwerp,arriveddate,Arrived,1,Load,BE,ANR ,,,,gs101,,source file,,http://bargomatic2.compressedtime.com/bargomatic/map2.php?fitbounds=1&catchall=9130808&startdate=2017-01-14&enddate=2017-02-05,
ARRIVAL: no arrival match,CPO KOREA,9433901,2017-12-30,2017-08-08,2017-08-08,GS028,REGULAR GASOLINE BLENDSTOCK,5176,MT,Antwerp,bldate,Bill date,14,Discharge,BE,ANR ,,,,gs101,,source file,,http://bargomatic2.compressedtime.com/bargomatic/map2.php?fitbounds=1&catchall=9433901&startdate=2017-12-19&enddate=2018-01-10,
ARRIVAL: no arrival match,ALFA BRITANNIA,9154232,2017-05-02,2017-08-08,2017-08-08,GS011,Naphtha,5000,MT,Rotterdam,arriveddate,Arrived,1,Discharge,NL,RTM ,,,,gs101,,source file,,http://bargomatic2.compressedtime.com/bargomatic/map2.php?fitbounds=1&catchall=9154232&startdate=2017-04-21&enddate=2017-05-13,
ARRIVAL: no arrival match,COMMANDER,9280354,2017-02-23,2017-08-08,2017-08-08,GS014,Reformate,5000,MT,Antwerp,arriveddate,Arrived,1,Load,BE,ANR ,,,,gs101,,source file,,http://bargomatic2.compressedtime.com/bargomatic/map2.php?fitbounds=1&catchall=9280354&startdate=2017-02-12&enddate=2017-03-06,
ARRIVAL: no arrival match,YM MERCURY,9452775,2017-04-13,2017-08-08,2017-08-08,BF002,Biodiesel,4521,MT,Ellesmere Port,arriveddate,Arrived,1,Load,GB,ELL ,,,,gs101,,source file,,http://bargomatic2.compressedtime.com/bargomatic/map2.php?fitbounds=1&catchall=9452775&startdate=2017-04-02&enddate=2017-04-24,
ARRIVAL: no arrival match,JS CHUKAR,9578000,2017-05-30,2017-08-08,2017-08-08,BF005,FATTY ACID METHYL ESTER (FAME),4500,MT,Antwerp,arriveddate,Arrived,1,Discharge,BE,ANR ,,,,gs101,,source file,,http://bargomatic2.compressedtime.com/bargomatic/map2.php?fitbounds=1&catchall=9578000&startdate=2017-05-19&enddate=2017-06-10,
ARRIVAL: no arrival match,BOMAR HAUMEA,9441958,2017-02-20,2017-08-08,2017-08-08,BF005,FATTY ACID METHYL ESTER (FAME),4288,MT,Antwerp,arriveddate,Arrived,1,Load,BE,ANR ,,,,gs101,,source file,,http://bargomatic2.compressedtime.com/bargomatic/map2.php?fitbounds=1&catchall=9441958&startdate=2017-02-09&enddate=2017-03-03,
ARRIVAL: no arrival match,NORDIC HENRIETTE,9403906,2017-06-27,2017-08-08,2017-08-08,BF005,FATTY ACID METHYL ESTER (FAME),4264,MT,Antwerp,arriveddate,Arrived,1,Load,BE,ANR ,,,,gs101,,source file,,http://bargomatic2.compressedtime.com/bargomatic/map2.php?fitbounds=1&catchall=9403906&startdate=2017-06-16&enddate=2017-07-08,
ARRIVAL: no arrival match,SENSATION,13955,2017-01-20,2017-08-08,2017-08-08,GS008,Toluene / Xylene (TX) Cut,4213,MT,Antwerp,arriveddate,Arrived,1,Discharge,BE,ANR ,,,,gs101,,manual modification,,http://bargomatic2.compressedtime.com/bargomatic/map2.php?fitbounds=1&catchall=13955&startdate=2017-01-09&enddate=2017-01-31,
ARRIVAL: no arrival match,SENSATION,13955,2017-03-09,2017-08-08,2017-08-08,GS010,MTBE,4197,MT,Rotterdam,arriveddate,Arrived,1,Discharge,NL,RTM ,,,,gs101,,manual modification,,http://bargomatic2.compressedtime.com/bargomatic/map2.php?fitbounds=1&catchall=13955&startdate=2017-02-26&enddate=2017-03-20,
ARRIVAL: no arrival match,SENSATION,13955,2017-03-08,2017-08-08,2017-08-08,GS010,MTBE,4197,MT,Antwerp,arriveddate,Arrived,1,Load,BE,ANR ,,,,gs101,,manual modification,,http://bargomatic2.compressedtime.com/bargomatic/map2.php?fitbounds=1&catchall=13955&startdate=2017-02-25&enddate=2017-03-19,
ARRIVAL: no arrival match,SENSATION,13955,2017-04-11,2017-08-08,2017-08-08,GS008,Toluene / Xylene (TX) Cut,4195,MT,Antwerp,arriveddate,Arrived,1,Load,BE,ANR ,,,,gs101,,manual modification,,http://bargomatic2.compressedtime.com/bargomatic/map2.php?fitbounds=1&catchall=13955&startdate=2017-03-31&enddate=2017-04-22,
ARRIVAL: no arrival match,VANCOUVER,9373955,2017-04-20,2017-08-08,2017-08-08,GS051,Splitter Bottoms,4122,MT,Rotterdam,arriveddate,Arrived,1,Discharge,NL,RTM ,,,,gs101,,source file,,http://bargomatic2.compressedtime.com/bargomatic/map2.php?fitbounds=1&catchall=9373955&startdate=2017-04-09&enddate=2017-05-01,
ARRIVAL: no arrival match,SENSATION,13955,2017-03-04,2017-08-08,2017-08-08,GS008,Toluene / Xylene (TX) Cut,4003,MT,Antwerp,arriveddate,Arrived,1,Load,BE,ANR ,,,,gs101,,manual modification,,http://bargomatic2.compressedtime.com/bargomatic/map2.php?fitbounds=1&catchall=13955&startdate=2017-02-21&enddate=2017-03-15,
ARRIVAL: no arrival match,SENSATION,13955,2017-05-24,2017-08-08,2017-08-08,GS008,Toluene / Xylene (TX) Cut,4000,MT,Antwerp,arriveddate,Arrived,1,Load,BE,ANR ,,,,gs101,,manual modification,,http://bargomatic2.compressedtime.com/bargomatic/map2.php?fitbounds=1&catchall=13955&startdate=2017-05-13&enddate=2017-06-04,
ARRIVAL: no arrival match,RC BEHAR,9413664,2017-06-04,2017-08-08,2017-08-08,BF005,FATTY ACID METHYL ESTER (FAME),4000,MT,Rotterdam,bertheddate,Berthed,2,Discharge,NL,RTM ,,,,gs101,,source file,,http://bargomatic2.compressedtime.com/bargomatic/map2.php?fitbounds=1&catchall=9413664&startdate=2017-05-24&enddate=2017-06-15,
ARRIVAL: no arrival match,BEAUFORT,9610339,2017-05-17,2017-08-08,2017-08-08,GS011,Blend TN100,4000,MT,Terneuzen,arriveddate,Arrived,1,Load,NL,TNZ ,,,,gs101,,source file,,http://bargomatic2.compressedtime.com/bargomatic/map2.php?fitbounds=1&catchall=9610339&startdate=2017-05-06&enddate=2017-05-28,
ARRIVAL: no arrival match,SENSATION,13955,2017-06-05,2017-08-08,2017-08-08,GS008,Toluene / Xylene (TX) Cut,3995,MT,Antwerp,arriveddate,Arrived,1,Load,BE,ANR ,,,,gs101,,manual modification,,http://bargomatic2.compressedtime.com/bargomatic/map2.php?fitbounds=1&catchall=13955&startdate=2017-05-25&enddate=2017-06-16,
ARRIVAL: no arrival match,ATLANTIC PIONEER,9397145,2017-04-21,2017-08-08,2017-08-08,GS051,Splitter Bottoms,3974,MT,Rotterdam,arriveddate,Arrived,1,Discharge,NL,RTM ,,,,gs101,,manual modification,,http://bargomatic2.compressedtime.com/bargomatic/map2.php?fitbounds=1&catchall=9397145&startdate=2017-04-10&enddate=2017-05-02,
ARRIVAL: no arrival match,SENSATION,13955,2017-01-30,2017-08-08,2017-08-08,GS061,Toluene/Xylene Mix,3796,MT,Antwerp,arriveddate,Arrived,1,Load,BE,ANR ,,,,gs101,,manual modification,,http://bargomatic2.compressedtime.com/bargomatic/map2.php?fitbounds=1&catchall=13955&startdate=2017-01-19&enddate=2017-02-10,
ARRIVAL: no arrival match,VANCOUVER,9373955,2017-03-02,2017-08-08,2017-08-08,GS051,Splitter Bottoms,3730,MT,Rotterdam,arriveddate,Arrived,1,Discharge,NL,RTM ,,,,gs101,,source file,,http://bargomatic2.compressedtime.com/bargomatic/map2.php?fitbounds=1&catchall=9373955&startdate=2017-02-19&enddate=2017-03-13,
ARRIVAL: no arrival match,VANCOUVER,9373955,2017-05-06,2017-08-08,2017-08-08,MD017,"GasOil / Diesel / 2 Oils, High Sulphur",3698,MT,Antwerp,arriveddate,Arrived,1,Load,BE,ANR ,,,,gs101,,source file,,http://bargomatic2.compressedtime.com/bargomatic/map2.php?fitbounds=1&catchall=9373955&startdate=2017-04-25&enddate=2017-05-17,
ARRIVAL: no arrival match,VANCOUVER,9373955,2017-02-10,2017-08-08,2017-08-08,GS051,Splitter Bottoms,3692,MT,Rotterdam,arriveddate,Arrived,1,Discharge,NL,RTM ,,,,gs101,,source file,,http://bargomatic2.compressedtime.com/bargomatic/map2.php?fitbounds=1&catchall=9373955&startdate=2017-01-30&enddate=2017-02-21,
ARRIVAL: no arrival match,VANCOUVER,9373955,2017-02-06,2017-08-08,2017-08-08,GS051,Splitter Bottoms,3662,MT,Rotterdam,arriveddate,Arrived,1,Discharge,NL,RTM ,,,,gs101,,source file,,http://bargomatic2.compressedtime.com/bargomatic/map2.php?fitbounds=1&catchall=9373955&startdate=2017-01-26&enddate=2017-02-17,
ARRIVAL: no arrival match,VANCOUVER,9373955,2017-04-22,2017-08-08,2017-08-08,GS051,Splitter Bottoms,3658,MT,Rotterdam,arriveddate,Arrived,1,Discharge,NL,RTM ,,,,gs101,,source file,,http://bargomatic2.compressedtime.com/bargomatic/map2.php?fitbounds=1&catchall=9373955&startdate=2017-04-11&enddate=2017-05-03,
ARRIVAL: no arrival match,VANCOUVER,9373955,2017-01-17,2017-08-08,2017-08-08,GS051,Splitter Bottoms,3657,MT,Rotterdam,arriveddate,Arrived,1,Discharge,NL,RTM ,,,,gs101,,source file,,http://bargomatic2.compressedtime.com/bargomatic/map2.php?fitbounds=1&catchall=9373955&startdate=2017-01-06&enddate=2017-01-28,
ARRIVAL: no arrival match,HUSEYN JAVID,9383613,2016-12-18,2017-08-08,2017-08-08,BF005,B100 - FATTY ACID METHYL ESTER (FAME),3456,MT,Rotterdam,arriveddate,Arrived,1,Load,NL,RTM ,,,,gs101,,source file,,http://bargomatic2.compressedtime.com/bargomatic/map2.php?fitbounds=1&catchall=9383613&startdate=2016-12-07&enddate=2016-12-29,
ARRIVAL: no arrival match,DONIZETTI,9174098,2017-01-27,2017-08-08,2017-08-08,BF005,FATTY ACID METHYL ESTER (FAME),3259,MT,Antwerp,arriveddate,Arrived,1,Load,BE,ANR ,,,,gs101,,source file,,http://bargomatic2.compressedtime.com/bargomatic/map2.php?fitbounds=1&catchall=9174098&startdate=2017-01-16&enddate=2017-02-07,
ARRIVAL: no arrival match,ATHLOS,9700483,2017-07-12,2017-08-08,2017-08-08,GS019,Unleaded Gasoline 95 RON,3202,MT,Aspropyrgos,arriveddate,Arrived,1,Load,GR,ASS ,,,,gs101,,source file,,http://bargomatic2.compressedtime.com/bargomatic/map2.php?fitbounds=1&catchall=9700483&startdate=2017-07-01&enddate=2017-07-23,
ARRIVAL: no arrival match,VANCOUVER,9373955,2017-03-14,2017-08-08,2017-08-08,GS051,Splitter Bottoms,3100,MT,Rotterdam,arriveddate,Arrived,1,Load,NL,RTM ,,,,gs101,,source file,,http://bargomatic2.compressedtime.com/bargomatic/map2.php?fitbounds=1&catchall=9373955&startdate=2017-03-03&enddate=2017-03-25,
ARRIVAL: no arrival match,PUCCINI,9156993,2017-06-22,2017-08-08,2017-08-08,BF005,FATTY ACID METHYL ESTER (FAME),3052,MT,Antwerp,arriveddate,Arrived,1,Load,BE,ANR ,,,,gs101,,source file,,http://bargomatic2.compressedtime.com/bargomatic/map2.php?fitbounds=1&catchall=9156993&startdate=2017-06-11&enddate=2017-07-03,
ARRIVAL: no arrival match,COASTALWATER,9205158,2017-07-19,2017-08-08,2017-08-08,BF005,FATTY ACID METHYL ESTER (FAME),3039,MT,Antwerp,arriveddate,Arrived,1,Load,BE,ANR ,,,,gs101,,source file,,http://bargomatic2.compressedtime.com/bargomatic/map2.php?fitbounds=1&catchall=9205158&startdate=2017-07-08&enddate=2017-07-30,
ARRIVAL: no arrival match,COMPAAN,9479022,2017-02-12,2017-08-08,2017-08-08,GS014,Reformate,3034,MT,Amsterdam,arriveddate,Arrived,1,Load,NL,AMS ,,,,gs101,,source file,,http://bargomatic2.compressedtime.com/bargomatic/map2.php?fitbounds=1&catchall=9479022&startdate=2017-02-01&enddate=2017-02-23,
ARRIVAL: no arrival match,ALAND,9487380,2017-03-17,2017-08-08,2017-08-08,BF002,Biodiesel,3002,MT,Southampton,arriveddate,Arrived,1,Discharge,GB,SOU ,,,,gs101,,source file,,http://bargomatic2.compressedtime.com/bargomatic/map2.php?fitbounds=1&catchall=9487380&startdate=2017-03-06&enddate=2017-03-28,
ARRIVAL: no arrival match,VANCOUVER,9373955,2017-01-21,2017-08-08,2017-08-08,GS051,Splitter Bottoms,3002,MT,Rotterdam,arriveddate,Arrived,1,Discharge,NL,RTM ,,,,gs101,,source file,,http://bargomatic2.compressedtime.com/bargomatic/map2.php?fitbounds=1&catchall=9373955&startdate=2017-01-10&enddate=2017-02-01,
ARRIVAL: no arrival match,VANCOUVER,9373955,2017-07-11,2017-08-08,2017-08-08,GS013,Pygas,2993,MT,Antwerp,arriveddate,Arrived,1,Load,BE,ANR ,,,,gs101,,source file,,http://bargomatic2.compressedtime.com/bargomatic/map2.php?fitbounds=1&catchall=9373955&startdate=2017-06-30&enddate=2017-07-22,
ARRIVAL: no arrival match,ELSE MARIE THERESA,9237864,2017-07-14,2017-08-08,2017-08-08,BF002,Biodiesel,2952,MT,Ghent,arriveddate,Arrived,1,Load,BE,GNE ,,,,gs101,,source file,,http://bargomatic2.compressedtime.com/bargomatic/map2.php?fitbounds=1&catchall=9237864&startdate=2017-07-03&enddate=2017-07-25,
ARRIVAL: no arrival match,COMPAAN,9479022,2017-02-25,2017-08-08,2017-08-08,GS061,Toluene/Xylene Mix,2861,MT,Antwerp,arriveddate,Arrived,1,Load,BE,ANR ,,,,gs101,,source file,,http://bargomatic2.compressedtime.com/bargomatic/map2.php?fitbounds=1&catchall=9479022&startdate=2017-02-14&enddate=2017-03-08,
ARRIVAL: no arrival match,CRISTINA,9489546,2017-04-12,2017-08-08,2017-08-08,MD001,"GasOil / Diesel / 2 Oils, Blend Component",2800,MT,Antwerp,arriveddate,Arrived,1,Discharge,BE,ANR ,,,,gs101,,source file,,http://bargomatic2.compressedtime.com/bargomatic/map2.php?fitbounds=1&catchall=9489546&startdate=2017-04-01&enddate=2017-04-23,
ARRIVAL: no arrival match,CRISTINA,9489546,2017-04-08,2017-08-08,2017-08-08,MD001,"GasOil / Diesel / 2 Oils, Blend Component",2794,MT,Antwerp,arriveddate,Arrived,1,Discharge,BE,ANR ,,,,gs101,,source file,,http://bargomatic2.compressedtime.com/bargomatic/map2.php?fitbounds=1&catchall=9489546&startdate=2017-03-28&enddate=2017-04-19,
ARRIVAL: no arrival match,COMPAAN,9479022,2017-02-07,2017-08-08,2017-08-08,MD001,"GasOil / Diesel / 2 Oils, Blend Component",2777,MT,Antwerp,arriveddate,Arrived,1,Discharge,BE,ANR ,,,,gs101,,source file,,http://bargomatic2.compressedtime.com/bargomatic/map2.php?fitbounds=1&catchall=9479022&startdate=2017-01-27&enddate=2017-02-18,
ARRIVAL: no arrival match,FLORENCE B,9406984,2017-04-24,2017-08-08,2017-08-08,BF005,FATTY ACID METHYL ESTER (FAME),2772,MT,Antwerp,arriveddate,Arrived,1,Load,BE,ANR ,,,,gs101,,source file,,http://bargomatic2.compressedtime.com/bargomatic/map2.php?fitbounds=1&catchall=9406984&startdate=2017-04-13&enddate=2017-05-05,
ARRIVAL: no arrival match,ATLANTIS ARMONA,9268162,2017-01-08,2017-08-08,2017-08-08,BF005,FATTY ACID METHYL ESTER (FAME),2761,MT,Southampton,arriveddate,Arrived,1,Discharge,GB,SOU ,,,,gs101,,source file,,http://bargomatic2.compressedtime.com/bargomatic/map2.php?fitbounds=1&catchall=9268162&startdate=2016-12-28&enddate=2017-01-19,
ARRIVAL: no arrival match,COMPAAN,9479022,2017-07-17,2017-08-08,2017-08-08,GS028,REGULAR GASOLINE BLENDSTOCK,2722,MT,Antwerp,arriveddate,Arrived,1,Discharge,BE,ANR ,,,,gs101,,source file,,http://bargomatic2.compressedtime.com/bargomatic/map2.php?fitbounds=1&catchall=9479022&startdate=2017-07-06&enddate=2017-07-28,
ARRIVAL: no arrival match,COMPAAN,9479022,2017-07-13,2017-08-08,2017-08-08,GS018,Raw Gasoline,2722,MT,Antwerp,arriveddate,Arrived,1,Load,BE,ANR ,,,,gs101,,source file,,http://bargomatic2.compressedtime.com/bargomatic/map2.php?fitbounds=1&catchall=9479022&startdate=2017-07-02&enddate=2017-07-24,
ARRIVAL: no arrival match,RAINBOW,9111046,2017-04-15,2017-08-08,2017-08-08,GS028,TN120,2700,MT,Antwerp,arriveddate,Arrived,1,Discharge,BE,ANR ,,,,gs101,,source file,,http://bargomatic2.compressedtime.com/bargomatic/map2.php?fitbounds=1&catchall=9111046&startdate=2017-04-04&enddate=2017-04-26,
ARRIVAL: no arrival match,ATHLOS,9700483,2017-07-12,2017-08-08,2017-08-08,MD004,ULSD 10ppm,2699,MT,Aspropyrgos,arriveddate,Arrived,1,Load,GR,ASS ,,,,gs101,,source file,,http://bargomatic2.compressedtime.com/bargomatic/map2.php?fitbounds=1&catchall=9700483&startdate=2017-07-01&enddate=2017-07-23,
ARRIVAL: no arrival match,BELLINI,9157014,2017-02-24,2017-08-08,2017-08-08,BF005,FATTY ACID METHYL ESTER (FAME),2648,MT,Antwerp,arriveddate,Arrived,1,Load,BE,ANR ,,,,gs101,,source file,,http://bargomatic2.compressedtime.com/bargomatic/map2.php?fitbounds=1&catchall=9157014&startdate=2017-02-13&enddate=2017-03-07,
ARRIVAL: no arrival match,ROSSINI,9156981,2017-07-21,2017-08-10,2017-08-10,BF005,FATTY ACID METHYL ESTER (FAME),2638,MT,Antwerp,arriveddate,Arrived,1,Load,BE,ANR ,,,,gs101,,source file,,http://bargomatic2.compressedtime.com/bargomatic/map2.php?fitbounds=1&catchall=9156981&startdate=2017-07-10&enddate=2017-08-01,
ARRIVAL: no arrival match,MOZART,9174086,2017-05-22,2017-08-08,2017-08-08,BF005,FATTY ACID METHYL ESTER (FAME),2624,MT,Antwerp,arriveddate,Arrived,1,Load,BE,ANR ,,,,gs101,,source file,,http://bargomatic2.compressedtime.com/bargomatic/map2.php?fitbounds=1&catchall=9174086&startdate=2017-05-11&enddate=2017-06-02,
ARRIVAL: no arrival match,ACHILLES,8008008,2017-03-23,2017-08-08,2017-08-08,GS011,Naphtha,2611,MT,Antwerp,arriveddate,Arrived,1,Discharge,BE,ANR ,,,,gs101,,source file,,http://bargomatic2.compressedtime.com/bargomatic/map2.php?fitbounds=1&catchall=8008008&startdate=2017-03-12&enddate=2017-04-03,
ARRIVAL: no arrival match,COMPAAN,9479022,2017-05-04,2017-08-08,2017-08-08,GS049,Raffinate,2497,MT,Amsterdam,arriveddate,Arrived,1,Discharge,NL,AMS ,,,,gs101,,source file,,http://bargomatic2.compressedtime.com/bargomatic/map2.php?fitbounds=1&catchall=9479022&startdate=2017-04-23&enddate=2017-05-15,
ARRIVAL: no arrival match,INFINITY,8891235,2017-05-26,2017-08-08,2017-08-08,GS004,Benzene,2370,MT,Antwerp,arriveddate,Arrived,1,Load,BE,ANR ,,,,gs101,,source file,,http://bargomatic2.compressedtime.com/bargomatic/map2.php?fitbounds=1&catchall=8891235&startdate=2017-05-15&enddate=2017-06-06,
ARRIVAL: no arrival match,MARIA THERESA,9228590,2017-03-13,2017-08-08,2017-08-08,BF005,FATTY ACID METHYL ESTER (FAME),2308,MT,Southampton,arriveddate,Arrived,1,Discharge,GB,SOU ,,,,gs101,,source file,,http://bargomatic2.compressedtime.com/bargomatic/map2.php?fitbounds=1&catchall=9228590&startdate=2017-03-02&enddate=2017-03-24,
ARRIVAL: no arrival match,CHANTAL,9382982,2017-06-01,2017-08-08,2017-08-08,MD013,Jet A1,2289,MT,Rotterdam,arriveddate,Arrived,1,Load,NL,RTM ,,,,gs101,,source file,,http://bargomatic2.compressedtime.com/bargomatic/map2.php?fitbounds=1&catchall=9382982&startdate=2017-05-21&enddate=2017-06-12,
ARRIVAL: no arrival match,NORDIC SOLA,9375989,2017-07-19,2017-08-10,2017-08-10,MD008,Gasoil,2200,MT,Amsterdam,arriveddate,Arrived,1,Discharge,NL,AMS ,,,,gs101,,source file,,http://bargomatic2.compressedtime.com/bargomatic/map2.php?fitbounds=1&catchall=9375989&startdate=2017-07-08&enddate=2017-07-30,
ARRIVAL: no arrival match,IMERA,9458066,2017-04-14,2017-08-08,2017-08-08,GS013,Pygas,2105,MT,Antwerp,arriveddate,Arrived,1,Discharge,BE,ANR ,,,,gs101,,source file,,http://bargomatic2.compressedtime.com/bargomatic/map2.php?fitbounds=1&catchall=9458066&startdate=2017-04-03&enddate=2017-04-25,
ARRIVAL: no arrival match,SENSATION,13955,2017-03-29,2017-08-08,2017-08-08,GS010,Methyl Tert-Butyl Ether (MTBE),2101,MT,Antwerp,arriveddate,Arrived,1,Load,BE,ANR ,,,,gs101,,manual modification,,http://bargomatic2.compressedtime.com/bargomatic/map2.php?fitbounds=1&catchall=13955&startdate=2017-03-18&enddate=2017-04-09,
ARRIVAL: no arrival match,SENSATION,13955,2016-12-16,2017-08-08,2017-08-08,GS008,Toluene / Xylene (TX) Cut,2101,MT,Antwerp,arriveddate,Arrived,1,Load,BE,ANR ,,,,gs101,,manual modification,,http://bargomatic2.compressedtime.com/bargomatic/map2.php?fitbounds=1&catchall=13955&startdate=2016-12-05&enddate=2016-12-27,
ARRIVAL: no arrival match,SENSATION,13955,2017-03-30,2017-08-08,2017-08-08,GS010,MTBE,2101,MT,Rotterdam,arriveddate,Arrived,1,Discharge,NL,RTM ,,,,gs101,,manual modification,,http://bargomatic2.compressedtime.com/bargomatic/map2.php?fitbounds=1&catchall=13955&startdate=2017-03-19&enddate=2017-04-10,
ARRIVAL: no arrival match,ATLANTIS,9569621,2017-05-12,2017-08-08,2017-08-08,GS018,Gasoline,2100,MT,Amsterdam,arriveddate,Arrived,1,Load,NL,AMS ,,,,gs101,,source file,,http://bargomatic2.compressedtime.com/bargomatic/map2.php?fitbounds=1&catchall=9569621&startdate=2017-05-01&enddate=2017-05-23,
ARRIVAL: no arrival match,COMPASS,9274094,2017-05-09,2017-08-08,2017-08-08,GS009,Ethanol Blend,2098,MT,Rotterdam,arriveddate,Arrived,1,Load,NL,RTM ,,,,gs101,,source file,,http://bargomatic2.compressedtime.com/bargomatic/map2.php?fitbounds=1&catchall=9274094&startdate=2017-04-28&enddate=2017-05-20,
ARRIVAL: no arrival match,COMPAAN,9479022,2017-06-21,2017-08-08,2017-08-08,GS019,Eurobob,2097,MT,Amsterdam,arriveddate,Arrived,1,Load,NL,AMS ,,,,gs101,,source file,,http://bargomatic2.compressedtime.com/bargomatic/map2.php?fitbounds=1&catchall=9479022&startdate=2017-06-10&enddate=2017-07-02,
ARRIVAL: no arrival match,COMPAAN,9479022,2017-03-19,2017-08-08,2017-08-08,GS013,Pygas,2059,MT,Rotterdam,arriveddate,Arrived,1,Load,NL,RTM ,,,,gs101,,source file,,http://bargomatic2.compressedtime.com/bargomatic/map2.php?fitbounds=1&catchall=9479022&startdate=2017-03-08&enddate=2017-03-30,
ARRIVAL: no arrival match,ELSASS,8818257,2017-07-06,2017-08-08,2017-08-08,BF002,Biodiesel,2007,MT,Ghent,arriveddate,Arrived,1,Load,BE,GNE ,,,,gs101,,source file,,http://bargomatic2.compressedtime.com/bargomatic/map2.php?fitbounds=1&catchall=8818257&startdate=2017-06-25&enddate=2017-07-17,
ARRIVAL: no arrival match,COMPAAN,9479022,2017-03-27,2017-08-08,2017-08-08,BF005,Tallow Methyl Ester (TME),2000,MT,Amsterdam,arriveddate,Arrived,1,Load,NL,AMS ,,,,gs101,,source file,,http://bargomatic2.compressedtime.com/bargomatic/map2.php?fitbounds=1&catchall=9479022&startdate=2017-03-16&enddate=2017-04-07,
ARRIVAL: no arrival match,NORDIC MARIANNE,9294680,2017-04-16,2017-08-08,2017-08-08,BF005,FATTY ACID METHYL ESTER (FAME),2000,MT,London,arriveddate,Arrived,1,Discharge,GB,LON ,,,,gs101,,source file,,http://bargomatic2.compressedtime.com/bargomatic/map2.php?fitbounds=1&catchall=9294680&startdate=2017-04-05&enddate=2017-04-27,
ARRIVAL: no arrival match,THUN GRATITUDE,9266413,2017-06-19,2017-08-08,2017-08-08,BF005,FATTY ACID METHYL ESTER (FAME),2000,MT,Milford Haven,arriveddate,Arrived,1,Load,GB,MLF ,,,,gs101,,source file,,http://bargomatic2.compressedtime.com/bargomatic/map2.php?fitbounds=1&catchall=9266413&startdate=2017-06-08&enddate=2017-06-30,
ARRIVAL: no arrival match,COMPAAN,9479022,2017-04-30,2017-08-08,2017-08-08,GS019,Eurobob,1998,MT,Rotterdam,arriveddate,Arrived,1,Discharge,NL,RTM ,,,,gs101,,source file,,http://bargomatic2.compressedtime.com/bargomatic/map2.php?fitbounds=1&catchall=9479022&startdate=2017-04-19&enddate=2017-05-11,
ARRIVAL: no arrival match,FIDELITY,9285744,2017-01-09,2017-08-08,2017-08-08,GS010,MTBE,1997,MT,Antwerp,arriveddate,Arrived,1,Discharge,BE,ANR ,,,,gs101,,source file,,http://bargomatic2.compressedtime.com/bargomatic/map2.php?fitbounds=1&catchall=9285744&startdate=2016-12-29&enddate=2017-01-20,
ARRIVAL: no arrival match,ADMIRAL,9234616,2017-06-11,2017-08-08,2017-08-08,GS002,Alkylate,1994,MT,Antwerp,arriveddate,Arrived,1,Load,BE,ANR ,,,,gs101,,source file,,http://bargomatic2.compressedtime.com/bargomatic/map2.php?fitbounds=1&catchall=9234616&startdate=2017-05-31&enddate=2017-06-22,
ARRIVAL: no arrival match,MISTRAL,9212876,2017-03-06,2017-08-08,2017-08-08,MD004,French FOD,1823,MT,Amsterdam,arriveddate,Arrived,1,Load,NL,AMS ,,,,gs101,,manual modification,,http://bargomatic2.compressedtime.com/bargomatic/map2.php?fitbounds=1&catchall=9212876&startdate=2017-02-23&enddate=2017-03-17,
ARRIVAL: no arrival match,CHARLOTTE,9286188,2017-07-17,2017-08-08,2017-08-08,GS009,Ethanol,1799,MT,Wanze,arriveddate,Arrived,1,Load,BE,WAN ,,,,gs101,,source file,,http://bargomatic2.compressedtime.com/bargomatic/map2.php?fitbounds=1&catchall=9286188&startdate=2017-07-06&enddate=2017-07-28,
ARRIVAL: no arrival match,SEFARINA,9715701,2017-12-30,2017-08-08,2017-08-08,GS049,Raffinate-1,1780,MT,Antwerp,bldate,Bill date,14,Discharge,BE,ANR ,,,,gs101,,source file,,http://bargomatic2.compressedtime.com/bargomatic/map2.php?fitbounds=1&catchall=9715701&startdate=2017-12-19&enddate=2018-01-10,
ARRIVAL: no arrival match,EVIAPETROL II,9344356,2016-12-27,2017-08-08,2017-08-08,BF005,FATTY ACID METHYL ESTER (FAME),1764,MT,Aspropyrgos,arriveddate,Arrived,1,Discharge,GR,ASS ,,,,gs101,,source file,,http://bargomatic2.compressedtime.com/bargomatic/map2.php?fitbounds=1&catchall=9344356&startdate=2016-12-16&enddate=2017-01-07,
ARRIVAL: no arrival match,GITTE,9020950,2017-02-26,2017-08-08,2017-08-08,GS011,Naphtha,1691,MT,Rotterdam,arriveddate,Arrived,1,Load,NL,RTM ,,,,gs101,,source file,,http://bargomatic2.compressedtime.com/bargomatic/map2.php?fitbounds=1&catchall=9020950&startdate=2017-02-15&enddate=2017-03-09,
ARRIVAL: no arrival match,SEFARINA,9715701,2017-12-25,2017-08-08,2017-08-08,GS049,Raffinate-1,1570,MT,Antwerp,bldate,Bill date,14,Discharge,BE,ANR ,,,,gs101,,source file,,http://bargomatic2.compressedtime.com/bargomatic/map2.php?fitbounds=1&catchall=9715701&startdate=2017-12-14&enddate=2018-01-05,
ARRIVAL: no arrival match,LADY HILDE,9172129,2017-07-21,2017-08-08,2017-08-08,GS049,Raffinate-1,1500,MT,Antwerp,arriveddate,Arrived,1,Discharge,BE,ANR ,,,,gs101,,source file,,http://bargomatic2.compressedtime.com/bargomatic/map2.php?fitbounds=1&catchall=9172129&startdate=2017-07-10&enddate=2017-08-01,
ARRIVAL: no arrival match,JUSTINE,9253454,2017-02-02,2017-08-08,2017-08-08,GS009,Ethanol Blend,1485,MT,Rotterdam,arriveddate,Arrived,1,Load,NL,RTM ,,,,gs101,,source file,,http://bargomatic2.compressedtime.com/bargomatic/map2.php?fitbounds=1&catchall=9253454&startdate=2017-01-22&enddate=2017-02-13,
ARRIVAL: no arrival match,SAVONA,9533311,2017-08-05,2017-08-11,2017-08-11,MD013,Jet A1,1435,MT,Rotterdam,arriveddate,Arrived,1,Load,NL,RTM ,,,,gs101,,source file,,http://bargomatic2.compressedtime.com/bargomatic/map2.php?fitbounds=1&catchall=9533311&startdate=2017-07-25&enddate=2017-08-16,
ARRIVAL: no arrival match,MALMO,9373242,2017-04-21,2017-08-08,2017-08-08,MD004,ULSD,1413,MT,Rotterdam,arriveddate,Arrived,1,Load,NL,RTM ,,,,gs101,,source file,,http://bargomatic2.compressedtime.com/bargomatic/map2.php?fitbounds=1&catchall=9373242&startdate=2017-04-10&enddate=2017-05-02,
ARRIVAL: no arrival match,ANNA,9566796,2017-02-17,2017-08-08,2017-08-08,MD004,ULSD,1398,MT,Rotterdam,arriveddate,Arrived,1,Load,NL,RTM ,,,,gs101,,source file,,http://bargomatic2.compressedtime.com/bargomatic/map2.php?fitbounds=1&catchall=9566796&startdate=2017-02-06&enddate=2017-02-28,
ARRIVAL: no arrival match,MALMO,9373242,2017-04-10,2017-08-08,2017-08-08,MD004,ULSD,1383,MT,Rotterdam,arriveddate,Arrived,1,Load,NL,RTM ,,,,gs101,,source file,,http://bargomatic2.compressedtime.com/bargomatic/map2.php?fitbounds=1&catchall=9373242&startdate=2017-03-30&enddate=2017-04-21,
ARRIVAL: no arrival match,LENA,9538854,2017-07-10,2017-08-08,2017-08-08,MD008,Heavy Coker Gas Oil,1226,MT,Rotterdam,arriveddate,Arrived,1,Discharge,NL,RTM ,,,,gs101,,source file,,http://bargomatic2.compressedtime.com/bargomatic/map2.php?fitbounds=1&catchall=9538854&startdate=2017-06-29&enddate=2017-07-21,
ARRIVAL: no arrival match,SOPHIA,6918091,2017-02-17,2017-08-08,2017-08-08,GS011,Naphtha,1181,MT,Rotterdam,arriveddate,Arrived,1,Load,NL,RTM ,,,,gs101,,source file,,http://bargomatic2.compressedtime.com/bargomatic/map2.php?fitbounds=1&catchall=6918091&startdate=2017-02-06&enddate=2017-02-28,
ARRIVAL: no arrival match,VIDI,9549736,2017-06-24,2017-08-08,2017-08-08,MD020,Low Sulphur Gas Oil,1181,MT,Antwerp,arriveddate,Arrived,1,Load,BE,ANR ,,,,gs101,,source file,,http://bargomatic2.compressedtime.com/bargomatic/map2.php?fitbounds=1&catchall=9549736&startdate=2017-06-13&enddate=2017-07-05,
ARRIVAL: no arrival match,ARGO,9187667,2017-02-17,2017-08-08,2017-08-08,GS013,Pygas,1125,MT,Antwerp,arriveddate,Arrived,1,Discharge,BE,ANR ,,,,gs101,,source file,,http://bargomatic2.compressedtime.com/bargomatic/map2.php?fitbounds=1&catchall=9187667&startdate=2017-02-06&enddate=2017-02-28,
ARRIVAL: no arrival match,RIVER PRIDE,9323986,2017-04-21,2017-08-08,2017-08-08,GS009,Ethanol,1105,MT,Antwerp,arriveddate,Arrived,1,Load,BE,ANR ,,,,gs101,,source file,,http://bargomatic2.compressedtime.com/bargomatic/map2.php?fitbounds=1&catchall=9323986&startdate=2017-04-10&enddate=2017-05-02,
ARRIVAL: no arrival match,PLUTO,8404020,2017-06-26,2017-08-08,2017-08-08,GS009,Ethanol Blend,1104,MT,Rotterdam,arriveddate,Arrived,1,Discharge,NL,RTM ,,,,gs101,,source file,,http://bargomatic2.compressedtime.com/bargomatic/map2.php?fitbounds=1&catchall=8404020&startdate=2017-06-15&enddate=2017-07-07,
ARRIVAL: no arrival match,PLUTO,8404020,2017-02-25,2017-08-08,2017-08-08,GS011,"Gasoline + Blending Components, C9",1100,MT,Antwerp,arriveddate,Arrived,1,Discharge,BE,ANR ,,,,gs101,,source file,,http://bargomatic2.compressedtime.com/bargomatic/map2.php?fitbounds=1&catchall=8404020&startdate=2017-02-14&enddate=2017-03-08,
ARRIVAL: no arrival match,RIVA,9576208,2017-06-20,2017-08-08,2017-08-08,GS009,Ethanol,1055,MT,Ghent,arriveddate,Arrived,1,Load,BE,GNE ,,,,gs101,,manual modification,,http://bargomatic2.compressedtime.com/bargomatic/map2.php?fitbounds=1&catchall=9576208&startdate=2017-06-09&enddate=2017-07-01,
ARRIVAL: no arrival match,ADMIRAL,9234616,2017-05-30,2017-08-08,2017-08-08,MD003,Diesel,1051,MT,Antwerp,arriveddate,Arrived,1,Load,BE,ANR ,,,,gs101,,manual modification,,http://bargomatic2.compressedtime.com/bargomatic/map2.php?fitbounds=1&catchall=9234616&startdate=2017-05-19&enddate=2017-06-10,
ARRIVAL: no arrival match,ENJOY,9471329,2017-04-02,2017-08-08,2017-08-08,GS010,MTBE,1047,MT,Amsterdam,arriveddate,Arrived,1,Load,NL,AMS ,,,,gs101,,source file,,http://bargomatic2.compressedtime.com/bargomatic/map2.php?fitbounds=1&catchall=9471329&startdate=2017-03-22&enddate=2017-04-13,
ARRIVAL: no arrival match,EVIAPETROL III,9505754,2017-04-24,2017-08-08,2017-08-08,BF005,FATTY ACID METHYL ESTER (FAME),1043,MT,Aspropyrgos,arriveddate,Arrived,1,Discharge,GR,ASS ,,,,gs101,,source file,,http://bargomatic2.compressedtime.com/bargomatic/map2.php?fitbounds=1&catchall=9505754&startdate=2017-04-13&enddate=2017-05-05,
ARRIVAL: no arrival match,FELLOWSHIP,9437971,2017-01-29,2017-08-08,2017-08-08,GS009,Ethanol Blend,1000,MT,Rotterdam,arriveddate,Arrived,1,Load,NL,RTM ,,,,gs101,,source file,,http://bargomatic2.compressedtime.com/bargomatic/map2.php?fitbounds=1&catchall=9437971&startdate=2017-01-18&enddate=2017-02-09,
ARRIVAL: no arrival match,ADMIRAL,9234616,2017-03-06,2017-08-08,2017-08-08,BF002,Biodiesel,999,MT,Ghent,arriveddate,Arrived,1,Load,BE,GNE ,,,,gs101,,manual modification,,http://bargomatic2.compressedtime.com/bargomatic/map2.php?fitbounds=1&catchall=9234616&startdate=2017-02-23&enddate=2017-03-17,
ARRIVAL: no arrival match,EVIAPETROL III,9505754,2017-04-23,2017-08-08,2017-08-08,BF005,FATTY ACID METHYL ESTER (FAME),969,MT,Thessaloniki,arriveddate,Arrived,1,Discharge,GR,SKG ,,,,gs101,,source file,,http://bargomatic2.compressedtime.com/bargomatic/map2.php?fitbounds=1&catchall=9505754&startdate=2017-04-12&enddate=2017-05-04,
ARRIVAL: no arrival match,AEGIR,9308261,2017-03-09,2017-08-08,2017-08-08,GS009,Bioethanol,950,MT,Rotterdam,arriveddate,Arrived,1,Discharge,NL,RTM ,,,,gs101,,manual modification,,http://bargomatic2.compressedtime.com/bargomatic/map2.php?fitbounds=1&catchall=9308261&startdate=2017-02-26&enddate=2017-03-20,
ARRIVAL: no arrival match,LIBERTY,5427007,2017-04-01,2017-08-08,2017-08-08,GS010,MTBE,949,MT,Rotterdam,arriveddate,Arrived,1,Discharge,NL,RTM ,,,,gs101,,source file,,http://bargomatic2.compressedtime.com/bargomatic/map2.php?fitbounds=1&catchall=5427007&startdate=2017-03-21&enddate=2017-04-12,
ARRIVAL: no arrival match,EVIAPETROL II,9344356,2016-12-24,2017-08-08,2017-08-08,BF005,FATTY ACID METHYL ESTER (FAME),881,MT,Thessaloniki,arriveddate,Arrived,1,Discharge,GR,SKG ,,,,gs101,,source file,,http://bargomatic2.compressedtime.com/bargomatic/map2.php?fitbounds=1&catchall=9344356&startdate=2016-12-13&enddate=2017-01-04,
ARRIVAL: no arrival match,PAMELA,8912728,2017-02-03,2017-08-08,2017-08-08,GS011,Naphtha,836,MT,Rotterdam,arriveddate,Arrived,1,Load,NL,RTM ,,,,gs101,,source file,,http://bargomatic2.compressedtime.com/bargomatic/map2.php?fitbounds=1&catchall=8912728&startdate=2017-01-23&enddate=2017-02-14,
ARRIVAL: no arrival match,SOPHIA,6918091,2016-12-27,2017-08-08,2017-08-08,GS011,Naphtha,543,MT,Rotterdam,arriveddate,Arrived,1,Load,NL,RTM ,,,,gs101,,source file,,http://bargomatic2.compressedtime.com/bargomatic/map2.php?fitbounds=1&catchall=6918091&startdate=2016-12-16&enddate=2017-01-07,
ARRIVAL: no arrival match,OVERSEAS AMBERMAR,9231626,2017-01-04,2017-08-08,2017-08-08,BF005,FATTY ACID METHYL ESTER (FAME),1,MT,Antwerp,bldate,Bill date,14,Load,BE,ANR ,,,,gs101,,source file,,http://bargomatic2.compressedtime.com/bargomatic/map2.php?fitbounds=1&catchall=9231626&startdate=2016-12-24&enddate=2017-01-15,
ARRIVAL: no arrival match,THUN GENIUS,9263605,2017-05-24,2017-08-08,2017-08-08,BF005,B100 - FATTY ACID METHYL ESTER (FAME),0,MT,Milford Haven,bertheddate,Berthed,2,Load,GB,MLF ,,,,gs101,,source file,,http://bargomatic2.compressedtime.com/bargomatic/map2.php?fitbounds=1&catchall=9263605&startdate=2017-05-13&enddate=2017-06-04,
ARRIVAL: no arrival match,ECO NEMESIS,9719525,2017-05-08,2017-08-08,2017-08-08,MD004,ultra low,0,MT,Rotterdam,arriveddate,Arrived,1,Load,NL,RTM ,,,,gs101,,source file,,http://bargomatic2.compressedtime.com/bargomatic/map2.php?fitbounds=1&catchall=9719525&startdate=2017-04-27&enddate=2017-05-19,