"reason","imo","operation_date","report_date","archive_time","grade","grade_raw","quantity","port","operation_raw","operation","rank_operation","direction","lo_country_code","lo_city_code","charterer","supplier","receiver","source_file","source_sheet","source_imo","min_dist","bargo"
"ARRIVAL: most recent arrival between 10 and 60 days, but with other arrivals in between","AMOREA","2016-12-06","2017-08-08","2017-08-08","GS018","Unleaded","91326.0","MT","bldate","Bill date","14","Load","NL","AMS ","","","","gs101","","source file","","http://bargomatic2.compressedtime.com/bargomatic/map2.php?fitbounds=1&catchall=9379624&startdate=2016-11-25&enddate=2016-12-17"
"ARRIVAL: most recent arrival between 10 and 60 days, but with other arrivals in between","HAFNIA EUROPE","2017-02-01","2017-08-08","2017-08-08","GS018","Unleaded","62692.0","MT","bldate","Bill date","14","Load","NL","AMS ","","","","gs101","","source file","","http://bargomatic2.compressedtime.com/bargomatic/map2.php?fitbounds=1&catchall=9336490&startdate=2017-01-21&enddate=2017-02-12"
"ARRIVAL: most recent arrival between 10 and 60 days, but with other arrivals in between","MARIANN","2017-01-14","2017-08-08","2017-08-08","MD008","Gasoil","37448.0","MT","arriveddate","Arrived","1","Discharge","BE","ANR ","","","","gs101","","source file","","http://bargomatic2.compressedtime.com/bargomatic/map2.php?fitbounds=1&catchall=9326897&startdate=2017-01-03&enddate=2017-01-25"
"ARRIVAL: most recent arrival between 10 and 60 days, but with other arrivals in between","PTI HERCULES","2017-03-19","2017-08-08","2017-08-08","GS017","Regular Unleaded","37352.0","MT","bldate","Bill date","14","Load","NL","AMS ","","","","gs101","","source file","","http://bargomatic2.compressedtime.com/bargomatic/map2.php?fitbounds=1&catchall=9358307&startdate=2017-03-08&enddate=2017-03-30"
"ARRIVAL: most recent arrival between 10 and 60 days, but with other arrivals in between","BALTIC COMMANDER I","2017-04-24","2017-08-08","2017-08-08","MD008","GasOil / Diesel / 2 Oils, TBC","37340.0","MT","arriveddate","Arrived","1","Load","NL","AMS ","","","","gs101","","source file","","http://bargomatic2.compressedtime.com/bargomatic/map2.php?fitbounds=1&catchall=9208112&startdate=2017-04-13&enddate=2017-05-05"
"ARRIVAL: most recent arrival between 10 and 60 days, but with other arrivals in between","FURE NORD","2017-03-17","2017-08-08","2017-08-08","MD004","0.001 / 10ppm","30000.0","MT","arriveddate","Arrived","1","Discharge","NL","AMS ","","","","gs101","","source file","","http://bargomatic2.compressedtime.com/bargomatic/map2.php?fitbounds=1&catchall=9271884&startdate=2017-03-06&enddate=2017-03-28"
"ARRIVAL: most recent arrival between 10 and 60 days, but with other arrivals in between","PHOENIX AN","2017-04-29","2017-08-08","2017-08-08","MD008","Gasoil","19409.0","MT","arriveddate","Arrived","1","Discharge","TR","DLV ","","","","gs101","","source file","","http://bargomatic2.compressedtime.com/bargomatic/map2.php?fitbounds=1&catchall=9299496&startdate=2017-04-18&enddate=2017-05-10"
"ARRIVAL: most recent arrival between 10 and 60 days, but with other arrivals in between","STI COMANDANTE","2017-03-03","2017-08-08","2017-08-08","GS018","Gasoline","16317.0","MT","saileddate","Sailed","10","Discharge","GB","MLF ","","","","gs101","","source file","","http://bargomatic2.compressedtime.com/bargomatic/map2.php?fitbounds=1&catchall=9686857&startdate=2017-02-20&enddate=2017-03-14"
"ARRIVAL: most recent arrival between 10 and 60 days, but with other arrivals in between","STEN MOSTER","2017-07-10","2017-08-10","2017-08-10","MD008","Gasoil","15500.0","MT","arriveddate","Arrived","1","Load","BE","GNE ","","","","gs101","","source file","","http://bargomatic2.compressedtime.com/bargomatic/map2.php?fitbounds=1&catchall=9341184&startdate=2017-06-29&enddate=2017-07-21"
"ARRIVAL: most recent arrival between 10 and 60 days, but with other arrivals in between","ADFINES SKY","2017-01-17","2017-08-08","2017-08-08","GS002","Alkylate","14976.0","MT","bldate","Bill date","14","Load","NL","AMS ","","","","gs101","","source file","","http://bargomatic2.compressedtime.com/bargomatic/map2.php?fitbounds=1&catchall=9580986&startdate=2017-01-06&enddate=2017-01-28"
"ARRIVAL: most recent arrival between 10 and 60 days, but with other arrivals in between","STEN FJELL","2016-12-20","2017-08-08","2017-08-08","GS037","HCCS (High Catalytic Cracked Spirit)","14175.0","MT","bldate","Bill date","14","Load","BE","ANR ","","","","gs101","","source file","","http://bargomatic2.compressedtime.com/bargomatic/map2.php?fitbounds=1&catchall=9460241&startdate=2016-12-09&enddate=2016-12-31"
"ARRIVAL: most recent arrival between 10 and 60 days, but with other arrivals in between","SLOMAN HERMES","2017-01-16","2017-08-08","2017-08-08","GS018","Catalytic Cracked Spirit","13450.0","MT","bldate","Bill date","14","Discharge","NL","AMS ","","","","gs101","","source file","","http://bargomatic2.compressedtime.com/bargomatic/map2.php?fitbounds=1&catchall=9466738&startdate=2017-01-05&enddate=2017-01-27"
"ARRIVAL: most recent arrival between 10 and 60 days, but with other arrivals in between","PATARA","2016-12-16","2017-08-08","2017-08-08","GS011","Naphtha","12500.0","MT","arriveddate","Arrived","1","Discharge","NL","AMS ","","","","gs101","","source file","","http://bargomatic2.compressedtime.com/bargomatic/map2.php?fitbounds=1&catchall=9344423&startdate=2016-12-05&enddate=2016-12-27"
"ARRIVAL: most recent arrival between 10 and 60 days, but with other arrivals in between","ELI KNUTSEN","2016-12-15","2017-08-08","2017-08-08","GS019","EBOB","12356.0","MT","bldate","Bill date","14","Discharge","NL","AMS ","","","","gs101","","source file","","http://bargomatic2.compressedtime.com/bargomatic/map2.php?fitbounds=1&catchall=9409261&startdate=2016-12-04&enddate=2016-12-26"
"ARRIVAL: most recent arrival between 10 and 60 days, but with other arrivals in between","BESIKTAS ZEALAND","2017-05-23","2017-08-08","2017-08-08","GS028","Gasoline + Blending Components, TBC","8609.0","MT","arriveddate","Arrived","1","Discharge","NL","RTM ","","","","gs101","","source file","","http://bargomatic2.compressedtime.com/bargomatic/map2.php?fitbounds=1&catchall=9431044&startdate=2017-05-12&enddate=2017-06-03"
"ARRIVAL: most recent arrival between 10 and 60 days, but with other arrivals in between","STEN MOSTER","2014-03-07","2017-08-08","2017-08-08","GS011","Naphtha","8453.0","MT","arriveddate","Arrived","1","Discharge","NL","AMS ","","","","gs101","","source file","","http://bargomatic2.compressedtime.com/bargomatic/map2.php?fitbounds=1&catchall=9341184&startdate=2014-02-24&enddate=2014-03-18"
"ARRIVAL: most recent arrival between 10 and 60 days, but with other arrivals in between","COLORADO STAR","2017-05-19","2017-08-08","2017-08-08","BF005","B100 - FATTY ACID METHYL ESTER (FAME)","7883.0","MT","arriveddate","Arrived","1","Load","NL","RTM ","","","","gs101","","source file","","http://bargomatic2.compressedtime.com/bargomatic/map2.php?fitbounds=1&catchall=9527609&startdate=2017-05-08&enddate=2017-05-30"
"ARRIVAL: most recent arrival between 10 and 60 days, but with other arrivals in between","CLAUS","2017-01-06","2017-08-08","2017-08-08","GS004","Benzene Concentrate","6900.0","MT","bldate","Bill date","14","Load","GB","MLF ","","","","gs101","","source file","","http://bargomatic2.compressedtime.com/bargomatic/map2.php?fitbounds=1&catchall=9268253&startdate=2016-12-26&enddate=2017-01-17"
"ARRIVAL: most recent arrival between 10 and 60 days, but with other arrivals in between","NORDIC THERESA","2016-11-16","2017-08-08","2017-08-08","GS013","Pygas","6297.0","MT","bldate","Bill date","14","Discharge","BE","GNE ","","","","gs101","","source file","","http://bargomatic2.compressedtime.com/bargomatic/map2.php?fitbounds=1&catchall=9428437&startdate=2016-11-05&enddate=2016-11-27"
"ARRIVAL: most recent arrival between 10 and 60 days, but with other arrivals in between","SICHEM OSPREY","2016-12-09","2017-08-08","2017-08-08","GS013","Heavy Pygas","6283.0","MT","bldate","Bill date","14","Discharge","NL","AMS ","","","","gs101","","source file","","http://bargomatic2.compressedtime.com/bargomatic/map2.php?fitbounds=1&catchall=9396024&startdate=2016-11-28&enddate=2016-12-20"
"ARRIVAL: most recent arrival between 10 and 60 days, but with other arrivals in between","SAMPATIKI","2017-05-04","2017-08-08","2017-08-08","MD004","ULSD 10ppm","5898.0","MT","arriveddate","Arrived","1","Discharge","GR","PIR ","","","","gs101","","source file","","http://bargomatic2.compressedtime.com/bargomatic/map2.php?fitbounds=1&catchall=9405772&startdate=2017-04-23&enddate=2017-05-15"
"ARRIVAL: most recent arrival between 10 and 60 days, but with other arrivals in between","VF TANKER-13","2017-06-03","2017-08-08","2017-08-08","GS011","Naphtha","5533.0","MT","arriveddate","Arrived","1","Discharge","TR","ALI ","","","","gs101","","source file","","http://bargomatic2.compressedtime.com/bargomatic/map2.php?fitbounds=1&catchall=9645023&startdate=2017-05-23&enddate=2017-06-14"
"ARRIVAL: most recent arrival between 10 and 60 days, but with other arrivals in between","ELSA ESSBERGER","2017-04-22","2017-08-08","2017-08-08","GS013","Pygas","4693.0","MT","arriveddate","Arrived","1","Load","NL","RTM ","","","","gs101","","source file","","http://bargomatic2.compressedtime.com/bargomatic/map2.php?fitbounds=1&catchall=9481001&startdate=2017-04-11&enddate=2017-05-03"
"ARRIVAL: most recent arrival between 10 and 60 days, but with other arrivals in between","FURE NORD","2017-03-17","2017-08-08","2017-08-08","GS051","Light Hydro Crackate","4543.0","MT","arriveddate","Arrived","1","Discharge","NL","AMS ","","","","gs101","","source file","","http://bargomatic2.compressedtime.com/bargomatic/map2.php?fitbounds=1&catchall=9271884&startdate=2017-03-06&enddate=2017-03-28"
"ARRIVAL: most recent arrival between 10 and 60 days, but with other arrivals in between","PACIFIC","2016-12-30","2017-08-08","2017-08-08","GS013","Pygas","3099.0","MT","arriveddate","Arrived","1","Discharge","BE","ANR ","","","","gs101","","source file","","http://bargomatic2.compressedtime.com/bargomatic/map2.php?fitbounds=1&catchall=9308900&startdate=2016-12-19&enddate=2017-01-10"
"ARRIVAL: most recent arrival between 10 and 60 days, but with other arrivals in between","NAVIGATOR CERES","2017-06-06","2017-08-08","2017-08-08","GS049","Raffinate","2999.0","MT","arriveddate","Arrived","1","Load","NL","TNZ ","","","","gs101","","source file","","http://bargomatic2.compressedtime.com/bargomatic/map2.php?fitbounds=1&catchall=9704518&startdate=2017-05-26&enddate=2017-06-17"
"ARRIVAL: most recent arrival between 10 and 60 days, but with other arrivals in between","HANNE THERESA","2017-02-19","2017-08-08","2017-08-08","GS009","Ethanol Blend","2967.0","MT","arriveddate","Arrived","1","Discharge","BE","ANR ","","","","gs101","","source file","","http://bargomatic2.compressedtime.com/bargomatic/map2.php?fitbounds=1&catchall=9246918&startdate=2017-02-08&enddate=2017-03-02"
"ARRIVAL: most recent arrival between 10 and 60 days, but with other arrivals in between","ISTOROMI","2017-02-21","2017-08-08","2017-08-08","GS010","Methyl Tert-Butyl Ether (MTBE)","2624.0","MT","arriveddate","Arrived","1","Load","BE","ANR ","","","","gs101","","source file","","http://bargomatic2.compressedtime.com/bargomatic/map2.php?fitbounds=1&catchall=9322372&startdate=2017-02-10&enddate=2017-03-04"
"ARRIVAL: most recent arrival between 10 and 60 days, but with other arrivals in between","WESTSTELLINGWERF","2017-01-12","2017-08-08","2017-08-08","GS011","Naphtha","2365.0","MT","bertheddate","Berthed","2","Discharge","BE","ANR ","","","","gs101","","manual modification","","http://bargomatic2.compressedtime.com/bargomatic/map2.php?fitbounds=1&catchall=13947&startdate=2017-01-01&enddate=2017-01-23"
"ARRIVAL: most recent arrival between 10 and 60 days, but with other arrivals in between","COOLWATER","2017-05-22","2017-08-08","2017-08-08","GS004","Benzene","2100.0","MT","arriveddate","Arrived","1","Discharge","BE","ANR ","","","","gs101","","source file","","http://bargomatic2.compressedtime.com/bargomatic/map2.php?fitbounds=1&catchall=9377949&startdate=2017-05-11&enddate=2017-06-02"
"ARRIVAL: most recent arrival between 10 and 60 days, but with other arrivals in between","FELLOWSHIP","2017-03-22","2017-08-08","2017-08-08","GS010","MTBE","2096.0","MT","arriveddate","Arrived","1","Discharge","NL","RTM ","","","","gs101","","source file","","http://bargomatic2.compressedtime.com/bargomatic/map2.php?fitbounds=1&catchall=9468334&startdate=2017-03-11&enddate=2017-04-02"
"ARRIVAL: most recent arrival between 10 and 60 days, but with other arrivals in between","SOMTRANS XVI","2017-04-14","2017-08-08","2017-08-08","MD004","ULSD 10ppm","2003.0","MT","arriveddate","Arrived","1","Load","BE","ANR ","","","","gs101","","source file","","http://bargomatic2.compressedtime.com/bargomatic/map2.php?fitbounds=1&catchall=9570072&startdate=2017-04-03&enddate=2017-04-25"
"ARRIVAL: most recent arrival between 10 and 60 days, but with other arrivals in between","DUBAI","2017-05-29","2017-08-08","2017-08-08","MD004","ULSD","1997.0","MT","arriveddate","Arrived","1","Load","NL","RTM ","","","","gs101","","source file","","http://bargomatic2.compressedtime.com/bargomatic/map2.php?fitbounds=1&catchall=8404226&startdate=2017-05-18&enddate=2017-06-09"
"ARRIVAL: most recent arrival between 10 and 60 days, but with other arrivals in between","PUCCINI","2017-06-20","2017-08-08","2017-08-08","GS031","RBOB (Reformulated Gasoline BOB)","1900.0","MT","arriveddate","Arrived","1","Load","NL","AMS ","","","","gs101","","source file","","http://bargomatic2.compressedtime.com/bargomatic/map2.php?fitbounds=1&catchall=9156993&startdate=2017-06-09&enddate=2017-07-01"
"ARRIVAL: most recent arrival between 10 and 60 days, but with other arrivals in between","ADMIRAL","2017-03-27","2017-08-08","2017-08-08","GS019","Eurobob","1897.0","MT","arriveddate","Arrived","1","Discharge","NL","RTM ","","","","gs101","","manual modification","","http://bargomatic2.compressedtime.com/bargomatic/map2.php?fitbounds=1&catchall=9234616&startdate=2017-03-16&enddate=2017-04-07"
"ARRIVAL: most recent arrival between 10 and 60 days, but with other arrivals in between","PUCCINI","2017-06-26","2017-08-08","2017-08-08","GS019","Eurobob","1862.0","MT","arriveddate","Arrived","1","Load","NL","AMS ","","","","gs101","","source file","","http://bargomatic2.compressedtime.com/bargomatic/map2.php?fitbounds=1&catchall=9156993&startdate=2017-06-15&enddate=2017-07-07"
"ARRIVAL: most recent arrival between 10 and 60 days, but with other arrivals in between","PUCCINI","2017-06-20","2017-08-08","2017-08-08","GS019","Eurobob","1854.0","MT","arriveddate","Arrived","1","Load","NL","AMS ","","","","gs101","","source file","","http://bargomatic2.compressedtime.com/bargomatic/map2.php?fitbounds=1&catchall=9156993&startdate=2017-06-09&enddate=2017-07-01"
"ARRIVAL: most recent arrival between 10 and 60 days, but with other arrivals in between","THRESHER","2017-06-08","2017-08-08","2017-08-08","GS049","Raffinate-1","1583.0","MT","arriveddate","Arrived","1","Discharge","BE","ANR ","","","","gs101","","source file","","http://bargomatic2.compressedtime.com/bargomatic/map2.php?fitbounds=1&catchall=9377951&startdate=2017-05-28&enddate=2017-06-19"
"ARRIVAL: most recent arrival between 10 and 60 days, but with other arrivals in between","RIVA","2017-01-24","2017-08-08","2017-08-08","GS010","MTBE","1248.0","MT","arriveddate","Arrived","1","Discharge","NL","AMS ","","","","gs101","","manual modification","","http://bargomatic2.compressedtime.com/bargomatic/map2.php?fitbounds=1&catchall=9576208&startdate=2017-01-13&enddate=2017-02-04"
"ARRIVAL: most recent arrival between 10 and 60 days, but with other arrivals in between","PUCCINI","2017-06-20","2017-08-08","2017-08-08","GS019","EBOB","0.0","MT","arriveddate","Arrived","1","Load","NL","AMS ","","","","gs101","","source file","","http://bargomatic2.compressedtime.com/bargomatic/map2.php?fitbounds=1&catchall=9156993&startdate=2017-06-09&enddate=2017-07-01"
"ARRIVAL: most recent arrival later than 60 days ","KRITI AMETHYST","2017-01-27","2017-08-08","2017-08-08","MD008","Gasoil","27079.0","MT","arriveddate","Arrived","1","Discharge","TR","DLV ","","","","gs101","","source file","","http://bargomatic2.compressedtime.com/bargomatic/map2.php?fitbounds=1&catchall=9074999&startdate=2017-01-16&enddate=2017-02-07"
"ARRIVAL: most recent arrival later than 60 days ","BALTIC SOUL","2017-03-11","2017-08-08","2017-08-08","MD008","GasOil / Diesel / 2 Oils, TBC","16421.0","MT","arriveddate","Arrived","1","Discharge","NL","AMS ","","","","gs101","","source file","","http://bargomatic2.compressedtime.com/bargomatic/map2.php?fitbounds=1&catchall=9228813&startdate=2017-02-28&enddate=2017-03-22"
"ARRIVAL: most recent arrival later than 60 days ","STOLT JAEGER","2016-12-25","2017-08-08","2017-08-08","BF002","Biodiesel","6177.0","MT","arriveddate","Arrived","1","Load","BE","GNE ","","","","gs101","","source file","","http://bargomatic2.compressedtime.com/bargomatic/map2.php?fitbounds=1&catchall=9114775&startdate=2016-12-14&enddate=2017-01-05"
"ARRIVAL: most recent arrival later than 60 days ","METIN KA","2017-01-18","2017-08-08","2017-08-08","MD004","ULSD","5204.0","MT","bertheddate","Berthed","2","Load","TR","IZT ","","","","gs101","","source file","","http://bargomatic2.compressedtime.com/bargomatic/map2.php?fitbounds=1&catchall=9445382&startdate=2017-01-07&enddate=2017-01-29"
"ARRIVAL: most recent arrival later than 60 days ","METIN KA","2017-01-07","2017-08-08","2017-08-08","MD004","ULSD","5204.0","MT","arriveddate","Arrived","1","Load","TR","IZT ","","","","gs101","","source file","","http://bargomatic2.compressedtime.com/bargomatic/map2.php?fitbounds=1&catchall=9445382&startdate=2016-12-27&enddate=2017-01-18"
"ARRIVAL: most recent arrival later than 60 days ","STOLT GROENLAND","2017-03-11","2017-08-08","2017-08-08","BF005","Bottom Distillated Methyl Ester","4993.0","MT","arriveddate","Arrived","1","Load","NL","RTM ","","","","gs101","","source file","","http://bargomatic2.compressedtime.com/bargomatic/map2.php?fitbounds=1&catchall=9414072&startdate=2017-02-28&enddate=2017-03-22"
"ARRIVAL: most recent arrival later than 60 days ","RIROIL 5","2016-12-20","2017-08-08","2017-08-08","GS018","Gasoline","3998.0","MT","arriveddate","Arrived","1","Discharge","GR","PIR ","","","","gs101","","source file","","http://bargomatic2.compressedtime.com/bargomatic/map2.php?fitbounds=1&catchall=9175248&startdate=2016-12-09&enddate=2016-12-31"
"ARRIVAL: most recent arrival later than 60 days ","NORDIC SUND","2017-02-27","2017-08-08","2017-08-08","GS009","Ethanol","2502.0","MT","arriveddate","Arrived","1","Discharge","GB","HUL ","","","","gs101","","source file","","http://bargomatic2.compressedtime.com/bargomatic/map2.php?fitbounds=1&catchall=9375977&startdate=2017-02-16&enddate=2017-03-10"
"ARRIVAL: most recent arrival later than 60 days ","ELSASS","2017-01-16","2017-08-08","2017-08-08","BF002","Biodiesel","1998.0","MT","arriveddate","Arrived","1","Load","BE","GNE ","","","","gs101","","source file","","http://bargomatic2.compressedtime.com/bargomatic/map2.php?fitbounds=1&catchall=8818257&startdate=2017-01-05&enddate=2017-01-27"
"ARRIVAL: most recent arrival later than 60 days ","DUBAI","2017-04-08","2017-08-08","2017-08-08","MD004","ULSD","1695.0","MT","arriveddate","Arrived","1","Load","NL","RTM ","","","","gs101","","source file","","http://bargomatic2.compressedtime.com/bargomatic/map2.php?fitbounds=1&catchall=8404226&startdate=2017-03-28&enddate=2017-04-19"
"ARRIVAL: most recent arrival later than 60 days ","AMONITH","2016-12-29","2017-08-08","2017-08-08","AA101","GasCondensate","1600.0","MT","arriveddate","Arrived","1","Discharge","BE","ANR ","","","","gs101","","source file","","http://bargomatic2.compressedtime.com/bargomatic/map2.php?fitbounds=1&catchall=9164093&startdate=2016-12-18&enddate=2017-01-09"
"ARRIVAL: most recent arrival later than 60 days ","AMONITH","2016-12-28","2017-08-08","2017-08-08","AA101","GasCondensate","1325.0","MT","arriveddate","Arrived","1","Discharge","BE","ANR ","","","","gs101","","source file","","http://bargomatic2.compressedtime.com/bargomatic/map2.php?fitbounds=1&catchall=9164093&startdate=2016-12-17&enddate=2017-01-08"
"ARRIVAL: most recent arrival later than 60 days ","RIVER PRIDE","2017-02-25","2017-08-08","2017-08-08","GS010","MTBE","950.0","MT","arriveddate","Arrived","1","Discharge","NL","RTM ","","","","gs101","","source file","","http://bargomatic2.compressedtime.com/bargomatic/map2.php?fitbounds=1&catchall=9323986&startdate=2017-02-14&enddate=2017-03-08"
"ARRIVAL: no arrival match","LAVELA","2017-03-08","2017-08-08","2017-08-08","BF005","FATTY ACID METHYL ESTER (FAME)","34555.0","MT","arriveddate","Arrived","1","Load","GR","AGT ","","","","gs101","","source file","","http://bargomatic2.compressedtime.com/bargomatic/map2.php?fitbounds=1&catchall=9381512&startdate=2017-02-25&enddate=2017-03-19"
"ARRIVAL: no arrival match","NORIENT SOLAR","2017-02-12","2017-08-08","2017-08-08","GS018","Gasoline","33276.0","MT","bldate","Bill date","14","Discharge","GB","LON ","","","","gs101","","source file","","http://bargomatic2.compressedtime.com/bargomatic/map2.php?fitbounds=1&catchall=9396373&startdate=2017-02-01&enddate=2017-02-23"
"ARRIVAL: no arrival match","PHOENIX AN","2017-04-03","2017-08-08","2017-08-08","MD004","ULSD 10ppm","29972.0","MT","arriveddate","Arrived","1","Load","GR","AGT ","","","","gs101","","source file","","http://bargomatic2.compressedtime.com/bargomatic/map2.php?fitbounds=1&catchall=9299496&startdate=2017-03-23&enddate=2017-04-14"
"ARRIVAL: no arrival match","ARION","2017-04-08","2017-08-08","2017-08-08","MD004","ULSD 10ppm","29956.0","MT","arriveddate","Arrived","1","Load","GR","AGT ","","","","gs101","","source file","","http://bargomatic2.compressedtime.com/bargomatic/map2.php?fitbounds=1&catchall=9232175&startdate=2017-03-28&enddate=2017-04-19"
"ARRIVAL: no arrival match","KING EMERALD","2017-06-19","2017-08-08","2017-08-08","GS011","Naphtha","29949.0","MT","arriveddate","Arrived","1","Discharge","BE","ANR ","","","","gs101","","source file","","http://bargomatic2.compressedtime.com/bargomatic/map2.php?fitbounds=1&catchall=9267027&startdate=2017-06-08&enddate=2017-06-30"
"ARRIVAL: no arrival match","MARLIN APATITE","2017-05-25","2017-08-08","2017-08-08","MD008","Gasoil","20504.0","MT","arriveddate","Arrived","1","Discharge","NL","AMS ","","","","gs101","","source file","","http://bargomatic2.compressedtime.com/bargomatic/map2.php?fitbounds=1&catchall=9721891&startdate=2017-05-14&enddate=2017-06-05"
"ARRIVAL: no arrival match","ANDROMEDA","2017-02-01","2017-08-08","2017-08-08","MD004","0.001 / 10ppm","16789.0","MT","bldate","Bill date","14","Discharge","GR","SKG ","","","","gs101","","source file","","http://bargomatic2.compressedtime.com/bargomatic/map2.php?fitbounds=1&catchall=9315795&startdate=2017-01-21&enddate=2017-02-12"
"ARRIVAL: no arrival match","SICHEM EAGLE","2017-01-14","2017-08-08","2017-08-08","BF002","Biodiesel","16759.0","MT","arriveddate","Arrived","1","Load","NL","RTM ","","","","gs101","","source file","","http://bargomatic2.compressedtime.com/bargomatic/map2.php?fitbounds=1&catchall=9388704&startdate=2017-01-03&enddate=2017-01-25"
"ARRIVAL: no arrival match","LEANDER","2017-04-15","2017-08-08","2017-08-08","MD004","ULSD","11500.0","MT","arriveddate","Arrived","1","Discharge","GB","PLY ","","","","gs101","","source file","","http://bargomatic2.compressedtime.com/bargomatic/map2.php?fitbounds=1&catchall=8114998&startdate=2017-04-04&enddate=2017-04-26"
"ARRIVAL: no arrival match","LEANDER","2017-04-15","2017-08-08","2017-08-08","MD003","Diesel","11285.0","MT","arriveddate","Arrived","1","Discharge","GB","PLY ","","","","gs101","","source file","","http://bargomatic2.compressedtime.com/bargomatic/map2.php?fitbounds=1&catchall=8114998&startdate=2017-04-04&enddate=2017-04-26"
"ARRIVAL: no arrival match","AIGRAN D","2017-05-31","2017-08-08","2017-08-08","BF005","FATTY ACID METHYL ESTER (FAME)","9508.0","MT","arriveddate","Arrived","1","Load","GB","ELL ","","","","gs101","","source file","","http://bargomatic2.compressedtime.com/bargomatic/map2.php?fitbounds=1&catchall=9138408&startdate=2017-05-20&enddate=2017-06-11"
"ARRIVAL: no arrival match","CAROLINE ESSBERGER","2017-03-07","2017-08-08","2017-08-08","BF005","FATTY ACID METHYL ESTER (FAME)","7660.0","MT","arriveddate","Arrived","1","Discharge","GB","LON ","","","","gs101","","source file","","http://bargomatic2.compressedtime.com/bargomatic/map2.php?fitbounds=1&catchall=9439151&startdate=2017-02-24&enddate=2017-03-18"
"ARRIVAL: no arrival match","MED ARCTIC","2017-02-14","2017-08-08","2017-08-08","BF005","FATTY ACID METHYL ESTER (FAME)","7600.0","MT","arriveddate","Arrived","1","Discharge","GB","LON ","","","","gs101","","source file","","http://bargomatic2.compressedtime.com/bargomatic/map2.php?fitbounds=1&catchall=9410545&startdate=2017-02-03&enddate=2017-02-25"
"ARRIVAL: no arrival match","NORTHSEA ALPHA","2017-01-29","2017-08-08","2017-08-08","BF005","FATTY ACID METHYL ESTER (FAME)","7329.0","MT","arriveddate","Arrived","1","Discharge","GB","LON ","","","","gs101","","source file","","http://bargomatic2.compressedtime.com/bargomatic/map2.php?fitbounds=1&catchall=9547764&startdate=2017-01-18&enddate=2017-02-09"
"ARRIVAL: no arrival match","BOMAR SEDNA","2017-01-02","2017-08-08","2017-08-08","BF005","FATTY ACID METHYL ESTER (FAME)","7100.0","MT","arriveddate","Arrived","1","Discharge","GB","LON ","","","","gs101","","source file","","http://bargomatic2.compressedtime.com/bargomatic/map2.php?fitbounds=1&catchall=9383651&startdate=2016-12-22&enddate=2017-01-13"
"ARRIVAL: no arrival match","CAROLINE THERESA","2017-04-14","2017-08-08","2017-08-08","BF005","Fame","7033.0","MT","arriveddate","Arrived","1","Discharge","GB","LON ","","","","gs101","","source file","","http://bargomatic2.compressedtime.com/bargomatic/map2.php?fitbounds=1&catchall=9428449&startdate=2017-04-03&enddate=2017-04-25"
"ARRIVAL: no arrival match","CAROLINE THERESA","2017-04-23","2017-08-08","2017-08-08","BF005","Fame","7016.0","MT","arriveddate","Arrived","1","Discharge","GB","LON ","","","","gs101","","source file","","http://bargomatic2.compressedtime.com/bargomatic/map2.php?fitbounds=1&catchall=9428449&startdate=2017-04-12&enddate=2017-05-04"
"ARRIVAL: no arrival match","ANNELISE THERESA","2017-08-04","2017-08-09","2017-08-09","BF005","FATTY ACID METHYL ESTER (FAME)","7000.0","MT","arriveddate","Arrived","1","Discharge","GB","LON ","","","","gs101","","source file","","http://bargomatic2.compressedtime.com/bargomatic/map2.php?fitbounds=1&catchall=9478286&startdate=2017-07-24&enddate=2017-08-15"
"ARRIVAL: no arrival match","CAROLINE THERESA","2017-06-13","2017-08-08","2017-08-08","BF005","FATTY ACID METHYL ESTER (FAME)","7000.0","MT","bertheddate","Berthed","2","Discharge","GB","TEE ","","","","gs101","","source file","","http://bargomatic2.compressedtime.com/bargomatic/map2.php?fitbounds=1&catchall=9428449&startdate=2017-06-02&enddate=2017-06-24"
"ARRIVAL: no arrival match","ANNELISE THERESA","2017-06-02","2017-08-08","2017-08-08","BF005","FATTY ACID METHYL ESTER (FAME)","7000.0","MT","arriveddate","Arrived","1","Discharge","GB","LON ","","","","gs101","","source file","","http://bargomatic2.compressedtime.com/bargomatic/map2.php?fitbounds=1&catchall=9478286&startdate=2017-05-22&enddate=2017-06-13"
"ARRIVAL: no arrival match","KARINA THERESA","2017-07-13","2017-08-08","2017-08-08","BF005","FATTY ACID METHYL ESTER (FAME)","6998.0","MT","arriveddate","Arrived","1","Discharge","GB","LON ","","","","gs101","","source file","","http://bargomatic2.compressedtime.com/bargomatic/map2.php?fitbounds=1&catchall=9428451&startdate=2017-07-02&enddate=2017-07-24"
"ARRIVAL: no arrival match","ANNELISE THERESA","2017-06-30","2017-08-08","2017-08-08","BF005","FATTY ACID METHYL ESTER (FAME)","6995.0","MT","arriveddate","Arrived","1","Discharge","GB","LON ","","","","gs101","","source file","","http://bargomatic2.compressedtime.com/bargomatic/map2.php?fitbounds=1&catchall=9478286&startdate=2017-06-19&enddate=2017-07-11"
"ARRIVAL: no arrival match","CAROLINE THERESA","2017-06-16","2017-08-08","2017-08-08","BF005","FATTY ACID METHYL ESTER (FAME)","6994.0","MT","arriveddate","Arrived","1","Discharge","GB","LON ","","","","gs101","","source file","","http://bargomatic2.compressedtime.com/bargomatic/map2.php?fitbounds=1&catchall=9428449&startdate=2017-06-05&enddate=2017-06-27"
"ARRIVAL: no arrival match","KARINA THERESA","2017-02-25","2017-08-08","2017-08-08","BF005","FATTY ACID METHYL ESTER (FAME)","6993.0","MT","arriveddate","Arrived","1","Discharge","GB","LON ","","","","gs101","","source file","","http://bargomatic2.compressedtime.com/bargomatic/map2.php?fitbounds=1&catchall=9428451&startdate=2017-02-14&enddate=2017-03-08"
"ARRIVAL: no arrival match","ANNELISE THERESA","2017-06-02","2017-08-08","2017-08-08","BF005","FATTY ACID METHYL ESTER (FAME)","6992.0","MT","arriveddate","Arrived","1","Discharge","GB","LON ","","","","gs101","","source file","","http://bargomatic2.compressedtime.com/bargomatic/map2.php?fitbounds=1&catchall=9478286&startdate=2017-05-22&enddate=2017-06-13"
"ARRIVAL: no arrival match","ANNELISE THERESA","2017-07-25","2017-08-08","2017-08-08","BF005","FATTY ACID METHYL ESTER (FAME)","6982.0","MT","arriveddate","Arrived","1","Discharge","GB","LON ","","","","gs101","","source file","","http://bargomatic2.compressedtime.com/bargomatic/map2.php?fitbounds=1&catchall=9478286&startdate=2017-07-14&enddate=2017-08-05"
"ARRIVAL: no arrival match","NORDIC THERESA","2017-01-11","2017-08-08","2017-08-08","BF005","FATTY ACID METHYL ESTER (FAME)","6979.0","MT","arriveddate","Arrived","1","Discharge","GB","LON ","","","","gs101","","source file","","http://bargomatic2.compressedtime.com/bargomatic/map2.php?fitbounds=1&catchall=9428437&startdate=2016-12-31&enddate=2017-01-22"
"ARRIVAL: no arrival match","ANNELISE THERESA","2017-08-04","2017-08-08","2017-08-08","BF005","FATTY ACID METHYL ESTER (FAME)","6960.0","MT","arriveddate","Arrived","1","Discharge","GB","LON ","","","","gs101","","source file","","http://bargomatic2.compressedtime.com/bargomatic/map2.php?fitbounds=1&catchall=9478286&startdate=2017-07-24&enddate=2017-08-15"
"ARRIVAL: no arrival match","CAROLINE THERESA","2017-01-27","2017-08-08","2017-08-08","BF005","FATTY ACID METHYL ESTER (FAME)","6950.0","MT","bertheddate","Berthed","2","Discharge","GB","LON ","","","","gs101","","source file","","http://bargomatic2.compressedtime.com/bargomatic/map2.php?fitbounds=1&catchall=9428449&startdate=2017-01-16&enddate=2017-02-07"
"ARRIVAL: no arrival match","SICHEM CROISIC","2016-12-25","2017-08-08","2017-08-08","BF005","FATTY ACID METHYL ESTER (FAME)","6786.0","MT","arriveddate","Arrived","1","Load","BE","GNE ","","","","gs101","","source file","","http://bargomatic2.compressedtime.com/bargomatic/map2.php?fitbounds=1&catchall=9216470&startdate=2016-12-14&enddate=2017-01-05"
"ARRIVAL: no arrival match","SICHEM CROISIC","2017-12-27","2017-08-08","2017-08-08","BF005","FATTY ACID METHYL ESTER (FAME)","6786.0","MT","bldate","Bill date","14","Load","BE","GNE ","","","","gs101","","source file","","http://bargomatic2.compressedtime.com/bargomatic/map2.php?fitbounds=1&catchall=9216470&startdate=2017-12-16&enddate=2018-01-07"
"ARRIVAL: no arrival match","YM NEPTUNE","2017-01-04","2017-08-08","2017-08-08","GS013","Pygas","6190.0","MT","bldate","Bill date","14","Discharge","NL","AMS ","","","","gs101","","source file","","http://bargomatic2.compressedtime.com/bargomatic/map2.php?fitbounds=1&catchall=9464106&startdate=2016-12-24&enddate=2017-01-15"
"ARRIVAL: no arrival match","COLORADO STAR","2017-05-23","2017-08-08","2017-08-08","BF005","FATTY ACID METHYL ESTER (FAME)","6105.0","MT","arriveddate","Arrived","1","Discharge","GB","ELL ","","","","gs101","","source file","","http://bargomatic2.compressedtime.com/bargomatic/map2.php?fitbounds=1&catchall=9527609&startdate=2017-05-12&enddate=2017-06-03"
"ARRIVAL: no arrival match","ATLANTIC TWIN","2017-06-28","2017-08-08","2017-08-08","BF005","FATTY ACID METHYL ESTER (FAME)","6093.0","MT","arriveddate","Arrived","1","Load","GB","ELL ","","","","gs101","","source file","","http://bargomatic2.compressedtime.com/bargomatic/map2.php?fitbounds=1&catchall=9341328&startdate=2017-06-17&enddate=2017-07-09"
"ARRIVAL: no arrival match","NORTHSEA BETA","2017-03-17","2017-08-08","2017-08-08","BF005","FATTY ACID METHYL ESTER (FAME)","6003.0","MT","arriveddate","Arrived","1","Discharge","GB","LON ","","","","gs101","","source file","","http://bargomatic2.compressedtime.com/bargomatic/map2.php?fitbounds=1&catchall=9547776&startdate=2017-03-06&enddate=2017-03-28"
"ARRIVAL: no arrival match","MURRAY STAR","2017-07-13","2017-08-08","2017-08-08","BF005","FATTY ACID METHYL ESTER (FAME)","5880.0","MT","arriveddate","Arrived","1","Discharge","GB","ELL ","","","","gs101","","source file","","http://bargomatic2.compressedtime.com/bargomatic/map2.php?fitbounds=1&catchall=9527635&startdate=2017-07-02&enddate=2017-07-24"
"ARRIVAL: no arrival match","PACIFIC","2017-04-04","2017-08-08","2017-08-08","BF005","FATTY ACID METHYL ESTER (FAME)","5870.0","MT","arriveddate","Arrived","1","Discharge","GB","LON ","","","","gs101","","source file","","http://bargomatic2.compressedtime.com/bargomatic/map2.php?fitbounds=1&catchall=9308900&startdate=2017-03-24&enddate=2017-04-15"
"ARRIVAL: no arrival match","PACIFIC","2017-04-04","2017-08-08","2017-08-08","BF005","FATTY ACID METHYL ESTER (FAME)","5865.0","MT","arriveddate","Arrived","1","Discharge","GB","LON ","","","","gs101","","source file","","http://bargomatic2.compressedtime.com/bargomatic/map2.php?fitbounds=1&catchall=9308900&startdate=2017-03-24&enddate=2017-04-15"
"ARRIVAL: no arrival match","ORAKAI","2017-07-21","2017-08-10","2017-08-10","BF005","FATTY ACID METHYL ESTER (FAME)","5860.0","MT","arriveddate","Arrived","1","Discharge","BE","GNE ","","","","gs101","","source file","","http://bargomatic2.compressedtime.com/bargomatic/map2.php?fitbounds=1&catchall=9402689&startdate=2017-07-10&enddate=2017-08-01"
"ARRIVAL: no arrival match","ALICE THERESA","2017-07-12","2017-08-08","2017-08-08","BF005","FATTY ACID METHYL ESTER (FAME)","5737.0","MT","arriveddate","Arrived","1","Load","BE","ANR ","","","","gs101","","source file","","http://bargomatic2.compressedtime.com/bargomatic/map2.php?fitbounds=1&catchall=9478303&startdate=2017-07-01&enddate=2017-07-23"
"ARRIVAL: no arrival match","BOMAR VENUS","2017-07-21","2017-08-08","2017-08-08","BF005","FATTY ACID METHYL ESTER (FAME)","5706.0","MT","bertheddate","Berthed","2","Load","BE","ANR ","","","","gs101","","source file","","http://bargomatic2.compressedtime.com/bargomatic/map2.php?fitbounds=1&catchall=9374014&startdate=2017-07-10&enddate=2017-08-01"
"ARRIVAL: no arrival match","EVIAPETROL V","2017-07-18","2017-08-08","2017-08-08","MD008","Gasoil","5572.0","MT","arriveddate","Arrived","1","Discharge","GR","VOL ","","","","gs101","","source file","","http://bargomatic2.compressedtime.com/bargomatic/map2.php?fitbounds=1&catchall=9358503&startdate=2017-07-07&enddate=2017-07-29"
"ARRIVAL: no arrival match","NORDIC NELLY","2017-01-25","2017-08-08","2017-08-08","BF005","FATTY ACID METHYL ESTER (FAME)","5316.0","MT","arriveddate","Arrived","1","Load","BE","ANR ","","","","gs101","","source file","","http://bargomatic2.compressedtime.com/bargomatic/map2.php?fitbounds=1&catchall=9130808&startdate=2017-01-14&enddate=2017-02-05"
"ARRIVAL: no arrival match","CPO KOREA","2017-12-30","2017-08-08","2017-08-08","GS028","REGULAR GASOLINE BLENDSTOCK","5176.0","MT","bldate","Bill date","14","Discharge","BE","ANR ","","","","gs101","","source file","","http://bargomatic2.compressedtime.com/bargomatic/map2.php?fitbounds=1&catchall=9433901&startdate=2017-12-19&enddate=2018-01-10"
"ARRIVAL: no arrival match","COMMANDER","2017-02-23","2017-08-08","2017-08-08","GS014","Reformate","5000.0","MT","arriveddate","Arrived","1","Load","BE","ANR ","","","","gs101","","source file","","http://bargomatic2.compressedtime.com/bargomatic/map2.php?fitbounds=1&catchall=9280354&startdate=2017-02-12&enddate=2017-03-06"
"ARRIVAL: no arrival match","ALFA BRITANNIA","2017-05-02","2017-08-08","2017-08-08","GS011","Naphtha","5000.0","MT","arriveddate","Arrived","1","Discharge","NL","RTM ","","","","gs101","","source file","","http://bargomatic2.compressedtime.com/bargomatic/map2.php?fitbounds=1&catchall=9154232&startdate=2017-04-21&enddate=2017-05-13"
"ARRIVAL: no arrival match","YM MERCURY","2017-04-13","2017-08-08","2017-08-08","BF002","Biodiesel","4521.0","MT","arriveddate","Arrived","1","Load","GB","ELL ","","","","gs101","","source file","","http://bargomatic2.compressedtime.com/bargomatic/map2.php?fitbounds=1&catchall=9452775&startdate=2017-04-02&enddate=2017-04-24"
"ARRIVAL: no arrival match","JS CHUKAR","2017-05-30","2017-08-08","2017-08-08","BF005","FATTY ACID METHYL ESTER (FAME)","4500.0","MT","arriveddate","Arrived","1","Discharge","BE","ANR ","","","","gs101","","source file","","http://bargomatic2.compressedtime.com/bargomatic/map2.php?fitbounds=1&catchall=9578000&startdate=2017-05-19&enddate=2017-06-10"
"ARRIVAL: no arrival match","BOMAR HAUMEA","2017-02-20","2017-08-08","2017-08-08","BF005","FATTY ACID METHYL ESTER (FAME)","4288.0","MT","arriveddate","Arrived","1","Load","BE","ANR ","","","","gs101","","source file","","http://bargomatic2.compressedtime.com/bargomatic/map2.php?fitbounds=1&catchall=9441958&startdate=2017-02-09&enddate=2017-03-03"
"ARRIVAL: no arrival match","NORDIC HENRIETTE","2017-06-27","2017-08-08","2017-08-08","BF005","FATTY ACID METHYL ESTER (FAME)","4264.0","MT","arriveddate","Arrived","1","Load","BE","ANR ","","","","gs101","","source file","","http://bargomatic2.compressedtime.com/bargomatic/map2.php?fitbounds=1&catchall=9403906&startdate=2017-06-16&enddate=2017-07-08"
"ARRIVAL: no arrival match","SENSATION","2017-01-20","2017-08-08","2017-08-08","GS008","Toluene / Xylene (TX) Cut","4213.0","MT","arriveddate","Arrived","1","Discharge","BE","ANR ","","","","gs101","","manual modification","","http://bargomatic2.compressedtime.com/bargomatic/map2.php?fitbounds=1&catchall=13955&startdate=2017-01-09&enddate=2017-01-31"
"ARRIVAL: no arrival match","SENSATION","2017-03-08","2017-08-08","2017-08-08","GS010","MTBE","4197.0","MT","arriveddate","Arrived","1","Load","BE","ANR ","","","","gs101","","manual modification","","http://bargomatic2.compressedtime.com/bargomatic/map2.php?fitbounds=1&catchall=13955&startdate=2017-02-25&enddate=2017-03-19"
"ARRIVAL: no arrival match","SENSATION","2017-03-09","2017-08-08","2017-08-08","GS010","MTBE","4197.0","MT","arriveddate","Arrived","1","Discharge","NL","RTM ","","","","gs101","","manual modification","","http://bargomatic2.compressedtime.com/bargomatic/map2.php?fitbounds=1&catchall=13955&startdate=2017-02-26&enddate=2017-03-20"
"ARRIVAL: no arrival match","SENSATION","2017-04-11","2017-08-08","2017-08-08","GS008","Toluene / Xylene (TX) Cut","4195.0","MT","arriveddate","Arrived","1","Load","BE","ANR ","","","","gs101","","manual modification","","http://bargomatic2.compressedtime.com/bargomatic/map2.php?fitbounds=1&catchall=13955&startdate=2017-03-31&enddate=2017-04-22"
"ARRIVAL: no arrival match","VANCOUVER","2017-04-20","2017-08-08","2017-08-08","GS051","Splitter Bottoms","4122.0","MT","arriveddate","Arrived","1","Discharge","NL","RTM ","","","","gs101","","source file","","http://bargomatic2.compressedtime.com/bargomatic/map2.php?fitbounds=1&catchall=9373955&startdate=2017-04-09&enddate=2017-05-01"
"ARRIVAL: no arrival match","SENSATION","2017-03-04","2017-08-08","2017-08-08","GS008","Toluene / Xylene (TX) Cut","4003.0","MT","arriveddate","Arrived","1","Load","BE","ANR ","","","","gs101","","manual modification","","http://bargomatic2.compressedtime.com/bargomatic/map2.php?fitbounds=1&catchall=13955&startdate=2017-02-21&enddate=2017-03-15"
"ARRIVAL: no arrival match","SENSATION","2017-05-24","2017-08-08","2017-08-08","GS008","Toluene / Xylene (TX) Cut","4000.0","MT","arriveddate","Arrived","1","Load","BE","ANR ","","","","gs101","","manual modification","","http://bargomatic2.compressedtime.com/bargomatic/map2.php?fitbounds=1&catchall=13955&startdate=2017-05-13&enddate=2017-06-04"
"ARRIVAL: no arrival match","BEAUFORT","2017-05-17","2017-08-08","2017-08-08","GS011","Blend TN100","4000.0","MT","arriveddate","Arrived","1","Load","NL","TNZ ","","","","gs101","","source file","","http://bargomatic2.compressedtime.com/bargomatic/map2.php?fitbounds=1&catchall=9610339&startdate=2017-05-06&enddate=2017-05-28"
"ARRIVAL: no arrival match","RC BEHAR","2017-06-04","2017-08-08","2017-08-08","BF005","FATTY ACID METHYL ESTER (FAME)","4000.0","MT","bertheddate","Berthed","2","Discharge","NL","RTM ","","","","gs101","","source file","","http://bargomatic2.compressedtime.com/bargomatic/map2.php?fitbounds=1&catchall=9413664&startdate=2017-05-24&enddate=2017-06-15"
"ARRIVAL: no arrival match","SENSATION","2017-06-05","2017-08-08","2017-08-08","GS008","Toluene / Xylene (TX) Cut","3995.0","MT","arriveddate","Arrived","1","Load","BE","ANR ","","","","gs101","","manual modification","","http://bargomatic2.compressedtime.com/bargomatic/map2.php?fitbounds=1&catchall=13955&startdate=2017-05-25&enddate=2017-06-16"
"ARRIVAL: no arrival match","ATLANTIC PIONEER","2017-04-21","2017-08-08","2017-08-08","GS051","Splitter Bottoms","3974.0","MT","arriveddate","Arrived","1","Discharge","NL","RTM ","","","","gs101","","manual modification","","http://bargomatic2.compressedtime.com/bargomatic/map2.php?fitbounds=1&catchall=9397145&startdate=2017-04-10&enddate=2017-05-02"
"ARRIVAL: no arrival match","SENSATION","2017-01-30","2017-08-08","2017-08-08","GS061","Toluene/Xylene Mix","3796.0","MT","arriveddate","Arrived","1","Load","BE","ANR ","","","","gs101","","manual modification","","http://bargomatic2.compressedtime.com/bargomatic/map2.php?fitbounds=1&catchall=13955&startdate=2017-01-19&enddate=2017-02-10"
"ARRIVAL: no arrival match","VANCOUVER","2017-03-02","2017-08-08","2017-08-08","GS051","Splitter Bottoms","3730.0","MT","arriveddate","Arrived","1","Discharge","NL","RTM ","","","","gs101","","source file","","http://bargomatic2.compressedtime.com/bargomatic/map2.php?fitbounds=1&catchall=9373955&startdate=2017-02-19&enddate=2017-03-13"
"ARRIVAL: no arrival match","VANCOUVER","2017-05-06","2017-08-08","2017-08-08","MD017","GasOil / Diesel / 2 Oils, High Sulphur","3698.0","MT","arriveddate","Arrived","1","Load","BE","ANR ","","","","gs101","","source file","","http://bargomatic2.compressedtime.com/bargomatic/map2.php?fitbounds=1&catchall=9373955&startdate=2017-04-25&enddate=2017-05-17"
"ARRIVAL: no arrival match","VANCOUVER","2017-02-10","2017-08-08","2017-08-08","GS051","Splitter Bottoms","3692.0","MT","arriveddate","Arrived","1","Discharge","NL","RTM ","","","","gs101","","source file","","http://bargomatic2.compressedtime.com/bargomatic/map2.php?fitbounds=1&catchall=9373955&startdate=2017-01-30&enddate=2017-02-21"
"ARRIVAL: no arrival match","VANCOUVER","2017-02-06","2017-08-08","2017-08-08","GS051","Splitter Bottoms","3662.0","MT","arriveddate","Arrived","1","Discharge","NL","RTM ","","","","gs101","","source file","","http://bargomatic2.compressedtime.com/bargomatic/map2.php?fitbounds=1&catchall=9373955&startdate=2017-01-26&enddate=2017-02-17"
"ARRIVAL: no arrival match","VANCOUVER","2017-04-22","2017-08-08","2017-08-08","GS051","Splitter Bottoms","3658.0","MT","arriveddate","Arrived","1","Discharge","NL","RTM ","","","","gs101","","source file","","http://bargomatic2.compressedtime.com/bargomatic/map2.php?fitbounds=1&catchall=9373955&startdate=2017-04-11&enddate=2017-05-03"
"ARRIVAL: no arrival match","VANCOUVER","2017-01-17","2017-08-08","2017-08-08","GS051","Splitter Bottoms","3657.0","MT","arriveddate","Arrived","1","Discharge","NL","RTM ","","","","gs101","","source file","","http://bargomatic2.compressedtime.com/bargomatic/map2.php?fitbounds=1&catchall=9373955&startdate=2017-01-06&enddate=2017-01-28"
"ARRIVAL: no arrival match","HUSEYN JAVID","2016-12-18","2017-08-08","2017-08-08","BF005","B100 - FATTY ACID METHYL ESTER (FAME)","3456.0","MT","arriveddate","Arrived","1","Load","NL","RTM ","","","","gs101","","source file","","http://bargomatic2.compressedtime.com/bargomatic/map2.php?fitbounds=1&catchall=9383613&startdate=2016-12-07&enddate=2016-12-29"
"ARRIVAL: no arrival match","DONIZETTI","2017-01-27","2017-08-08","2017-08-08","BF005","FATTY ACID METHYL ESTER (FAME)","3259.0","MT","arriveddate","Arrived","1","Load","BE","ANR ","","","","gs101","","source file","","http://bargomatic2.compressedtime.com/bargomatic/map2.php?fitbounds=1&catchall=9174098&startdate=2017-01-16&enddate=2017-02-07"
"ARRIVAL: no arrival match","ATHLOS","2017-07-12","2017-08-08","2017-08-08","GS019","Unleaded Gasoline 95 RON","3202.0","MT","arriveddate","Arrived","1","Load","GR","ASS ","","","","gs101","","source file","","http://bargomatic2.compressedtime.com/bargomatic/map2.php?fitbounds=1&catchall=9700483&startdate=2017-07-01&enddate=2017-07-23"
"ARRIVAL: no arrival match","VANCOUVER","2017-03-14","2017-08-08","2017-08-08","GS051","Splitter Bottoms","3100.0","MT","arriveddate","Arrived","1","Load","NL","RTM ","","","","gs101","","source file","","http://bargomatic2.compressedtime.com/bargomatic/map2.php?fitbounds=1&catchall=9373955&startdate=2017-03-03&enddate=2017-03-25"
"ARRIVAL: no arrival match","PUCCINI","2017-06-22","2017-08-08","2017-08-08","BF005","FATTY ACID METHYL ESTER (FAME)","3052.0","MT","arriveddate","Arrived","1","Load","BE","ANR ","","","","gs101","","source file","","http://bargomatic2.compressedtime.com/bargomatic/map2.php?fitbounds=1&catchall=9156993&startdate=2017-06-11&enddate=2017-07-03"
"ARRIVAL: no arrival match","COASTALWATER","2017-07-19","2017-08-08","2017-08-08","BF005","FATTY ACID METHYL ESTER (FAME)","3039.0","MT","arriveddate","Arrived","1","Load","BE","ANR ","","","","gs101","","source file","","http://bargomatic2.compressedtime.com/bargomatic/map2.php?fitbounds=1&catchall=9205158&startdate=2017-07-08&enddate=2017-07-30"
"ARRIVAL: no arrival match","COMPAAN","2017-02-12","2017-08-08","2017-08-08","GS014","Reformate","3034.0","MT","arriveddate","Arrived","1","Load","NL","AMS ","","","","gs101","","source file","","http://bargomatic2.compressedtime.com/bargomatic/map2.php?fitbounds=1&catchall=9479022&startdate=2017-02-01&enddate=2017-02-23"
"ARRIVAL: no arrival match","ALAND","2017-03-17","2017-08-08","2017-08-08","BF002","Biodiesel","3002.0","MT","arriveddate","Arrived","1","Discharge","GB","SOU ","","","","gs101","","source file","","http://bargomatic2.compressedtime.com/bargomatic/map2.php?fitbounds=1&catchall=9487380&startdate=2017-03-06&enddate=2017-03-28"
"ARRIVAL: no arrival match","VANCOUVER","2017-01-21","2017-08-08","2017-08-08","GS051","Splitter Bottoms","3002.0","MT","arriveddate","Arrived","1","Discharge","NL","RTM ","","","","gs101","","source file","","http://bargomatic2.compressedtime.com/bargomatic/map2.php?fitbounds=1&catchall=9373955&startdate=2017-01-10&enddate=2017-02-01"
"ARRIVAL: no arrival match","VANCOUVER","2017-07-11","2017-08-08","2017-08-08","GS013","Pygas","2993.0","MT","arriveddate","Arrived","1","Load","BE","ANR ","","","","gs101","","source file","","http://bargomatic2.compressedtime.com/bargomatic/map2.php?fitbounds=1&catchall=9373955&startdate=2017-06-30&enddate=2017-07-22"
"ARRIVAL: no arrival match","ELSE MARIE THERESA","2017-07-14","2017-08-08","2017-08-08","BF002","Biodiesel","2952.0","MT","arriveddate","Arrived","1","Load","BE","GNE ","","","","gs101","","source file","","http://bargomatic2.compressedtime.com/bargomatic/map2.php?fitbounds=1&catchall=9237864&startdate=2017-07-03&enddate=2017-07-25"
"ARRIVAL: no arrival match","COMPAAN","2017-02-25","2017-08-08","2017-08-08","GS061","Toluene/Xylene Mix","2861.0","MT","arriveddate","Arrived","1","Load","BE","ANR ","","","","gs101","","source file","","http://bargomatic2.compressedtime.com/bargomatic/map2.php?fitbounds=1&catchall=9479022&startdate=2017-02-14&enddate=2017-03-08"
"ARRIVAL: no arrival match","CRISTINA","2017-04-12","2017-08-08","2017-08-08","MD001","GasOil / Diesel / 2 Oils, Blend Component","2800.0","MT","arriveddate","Arrived","1","Discharge","BE","ANR ","","","","gs101","","source file","","http://bargomatic2.compressedtime.com/bargomatic/map2.php?fitbounds=1&catchall=9489546&startdate=2017-04-01&enddate=2017-04-23"
"ARRIVAL: no arrival match","CRISTINA","2017-04-08","2017-08-08","2017-08-08","MD001","GasOil / Diesel / 2 Oils, Blend Component","2794.0","MT","arriveddate","Arrived","1","Discharge","BE","ANR ","","","","gs101","","source file","","http://bargomatic2.compressedtime.com/bargomatic/map2.php?fitbounds=1&catchall=9489546&startdate=2017-03-28&enddate=2017-04-19"
"ARRIVAL: no arrival match","COMPAAN","2017-02-07","2017-08-08","2017-08-08","MD001","GasOil / Diesel / 2 Oils, Blend Component","2777.0","MT","arriveddate","Arrived","1","Discharge","BE","ANR ","","","","gs101","","source file","","http://bargomatic2.compressedtime.com/bargomatic/map2.php?fitbounds=1&catchall=9479022&startdate=2017-01-27&enddate=2017-02-18"
"ARRIVAL: no arrival match","FLORENCE B","2017-04-24","2017-08-08","2017-08-08","BF005","FATTY ACID METHYL ESTER (FAME)","2772.0","MT","arriveddate","Arrived","1","Load","BE","ANR ","","","","gs101","","source file","","http://bargomatic2.compressedtime.com/bargomatic/map2.php?fitbounds=1&catchall=9406984&startdate=2017-04-13&enddate=2017-05-05"
"ARRIVAL: no arrival match","ATLANTIS ARMONA","2017-01-08","2017-08-08","2017-08-08","BF005","FATTY ACID METHYL ESTER (FAME)","2761.0","MT","arriveddate","Arrived","1","Discharge","GB","SOU ","","","","gs101","","source file","","http://bargomatic2.compressedtime.com/bargomatic/map2.php?fitbounds=1&catchall=9268162&startdate=2016-12-28&enddate=2017-01-19"
"ARRIVAL: no arrival match","COMPAAN","2017-07-13","2017-08-08","2017-08-08","GS018","Raw Gasoline","2722.0","MT","arriveddate","Arrived","1","Load","BE","ANR ","","","","gs101","","source file","","http://bargomatic2.compressedtime.com/bargomatic/map2.php?fitbounds=1&catchall=9479022&startdate=2017-07-02&enddate=2017-07-24"
"ARRIVAL: no arrival match","COMPAAN","2017-07-17","2017-08-08","2017-08-08","GS028","REGULAR GASOLINE BLENDSTOCK","2722.0","MT","arriveddate","Arrived","1","Discharge","BE","ANR ","","","","gs101","","source file","","http://bargomatic2.compressedtime.com/bargomatic/map2.php?fitbounds=1&catchall=9479022&startdate=2017-07-06&enddate=2017-07-28"
"ARRIVAL: no arrival match","RAINBOW","2017-04-15","2017-08-08","2017-08-08","GS028","TN120","2700.0","MT","arriveddate","Arrived","1","Discharge","BE","ANR ","","","","gs101","","source file","","http://bargomatic2.compressedtime.com/bargomatic/map2.php?fitbounds=1&catchall=9111046&startdate=2017-04-04&enddate=2017-04-26"
"ARRIVAL: no arrival match","ATHLOS","2017-07-12","2017-08-08","2017-08-08","MD004","ULSD 10ppm","2699.0","MT","arriveddate","Arrived","1","Load","GR","ASS ","","","","gs101","","source file","","http://bargomatic2.compressedtime.com/bargomatic/map2.php?fitbounds=1&catchall=9700483&startdate=2017-07-01&enddate=2017-07-23"
"ARRIVAL: no arrival match","BELLINI","2017-02-24","2017-08-08","2017-08-08","BF005","FATTY ACID METHYL ESTER (FAME)","2648.0","MT","arriveddate","Arrived","1","Load","BE","ANR ","","","","gs101","","source file","","http://bargomatic2.compressedtime.com/bargomatic/map2.php?fitbounds=1&catchall=9157014&startdate=2017-02-13&enddate=2017-03-07"
"ARRIVAL: no arrival match","ROSSINI","2017-07-21","2017-08-10","2017-08-10","BF005","FATTY ACID METHYL ESTER (FAME)","2638.0","MT","arriveddate","Arrived","1","Load","BE","ANR ","","","","gs101","","source file","","http://bargomatic2.compressedtime.com/bargomatic/map2.php?fitbounds=1&catchall=9156981&startdate=2017-07-10&enddate=2017-08-01"
"ARRIVAL: no arrival match","MOZART","2017-05-22","2017-08-08","2017-08-08","BF005","FATTY ACID METHYL ESTER (FAME)","2624.0","MT","arriveddate","Arrived","1","Load","BE","ANR ","","","","gs101","","source file","","http://bargomatic2.compressedtime.com/bargomatic/map2.php?fitbounds=1&catchall=9174086&startdate=2017-05-11&enddate=2017-06-02"
"ARRIVAL: no arrival match","ACHILLES","2017-03-23","2017-08-08","2017-08-08","GS011","Naphtha","2611.0","MT","arriveddate","Arrived","1","Discharge","BE","ANR ","","","","gs101","","source file","","http://bargomatic2.compressedtime.com/bargomatic/map2.php?fitbounds=1&catchall=8008008&startdate=2017-03-12&enddate=2017-04-03"
"ARRIVAL: no arrival match","COMPAAN","2017-05-04","2017-08-08","2017-08-08","GS049","Raffinate","2497.0","MT","arriveddate","Arrived","1","Discharge","NL","AMS ","","","","gs101","","source file","","http://bargomatic2.compressedtime.com/bargomatic/map2.php?fitbounds=1&catchall=9479022&startdate=2017-04-23&enddate=2017-05-15"
"ARRIVAL: no arrival match","INFINITY","2017-05-26","2017-08-08","2017-08-08","GS004","Benzene","2370.0","MT","arriveddate","Arrived","1","Load","BE","ANR ","","","","gs101","","source file","","http://bargomatic2.compressedtime.com/bargomatic/map2.php?fitbounds=1&catchall=8891235&startdate=2017-05-15&enddate=2017-06-06"
"ARRIVAL: no arrival match","MARIA THERESA","2017-03-13","2017-08-08","2017-08-08","BF005","FATTY ACID METHYL ESTER (FAME)","2308.0","MT","arriveddate","Arrived","1","Discharge","GB","SOU ","","","","gs101","","source file","","http://bargomatic2.compressedtime.com/bargomatic/map2.php?fitbounds=1&catchall=9228590&startdate=2017-03-02&enddate=2017-03-24"
"ARRIVAL: no arrival match","CHANTAL","2017-06-01","2017-08-08","2017-08-08","MD013","Jet A1","2289.0","MT","arriveddate","Arrived","1","Load","NL","RTM ","","","","gs101","","source file","","http://bargomatic2.compressedtime.com/bargomatic/map2.php?fitbounds=1&catchall=9382982&startdate=2017-05-21&enddate=2017-06-12"
"ARRIVAL: no arrival match","NORDIC SOLA","2017-07-19","2017-08-10","2017-08-10","MD008","Gasoil","2200.0","MT","arriveddate","Arrived","1","Discharge","NL","AMS ","","","","gs101","","source file","","http://bargomatic2.compressedtime.com/bargomatic/map2.php?fitbounds=1&catchall=9375989&startdate=2017-07-08&enddate=2017-07-30"
"ARRIVAL: no arrival match","IMERA","2017-04-14","2017-08-08","2017-08-08","GS013","Pygas","2105.0","MT","arriveddate","Arrived","1","Discharge","BE","ANR ","","","","gs101","","source file","","http://bargomatic2.compressedtime.com/bargomatic/map2.php?fitbounds=1&catchall=9458066&startdate=2017-04-03&enddate=2017-04-25"
"ARRIVAL: no arrival match","SENSATION","2017-03-29","2017-08-08","2017-08-08","GS010","Methyl Tert-Butyl Ether (MTBE)","2101.0","MT","arriveddate","Arrived","1","Load","BE","ANR ","","","","gs101","","manual modification","","http://bargomatic2.compressedtime.com/bargomatic/map2.php?fitbounds=1&catchall=13955&startdate=2017-03-18&enddate=2017-04-09"
"ARRIVAL: no arrival match","SENSATION","2016-12-16","2017-08-08","2017-08-08","GS008","Toluene / Xylene (TX) Cut","2101.0","MT","arriveddate","Arrived","1","Load","BE","ANR ","","","","gs101","","manual modification","","http://bargomatic2.compressedtime.com/bargomatic/map2.php?fitbounds=1&catchall=13955&startdate=2016-12-05&enddate=2016-12-27"
"ARRIVAL: no arrival match","SENSATION","2017-03-30","2017-08-08","2017-08-08","GS010","MTBE","2101.0","MT","arriveddate","Arrived","1","Discharge","NL","RTM ","","","","gs101","","manual modification","","http://bargomatic2.compressedtime.com/bargomatic/map2.php?fitbounds=1&catchall=13955&startdate=2017-03-19&enddate=2017-04-10"
"ARRIVAL: no arrival match","ATLANTIS","2017-05-12","2017-08-08","2017-08-08","GS018","Gasoline","2100.0","MT","arriveddate","Arrived","1","Load","NL","AMS ","","","","gs101","","source file","","http://bargomatic2.compressedtime.com/bargomatic/map2.php?fitbounds=1&catchall=9569621&startdate=2017-05-01&enddate=2017-05-23"
"ARRIVAL: no arrival match","COMPASS","2017-05-09","2017-08-08","2017-08-08","GS009","Ethanol Blend","2098.0","MT","arriveddate","Arrived","1","Load","NL","RTM ","","","","gs101","","source file","","http://bargomatic2.compressedtime.com/bargomatic/map2.php?fitbounds=1&catchall=9274094&startdate=2017-04-28&enddate=2017-05-20"
"ARRIVAL: no arrival match","COMPAAN","2017-06-21","2017-08-08","2017-08-08","GS019","Eurobob","2097.0","MT","arriveddate","Arrived","1","Load","NL","AMS ","","","","gs101","","source file","","http://bargomatic2.compressedtime.com/bargomatic/map2.php?fitbounds=1&catchall=9479022&startdate=2017-06-10&enddate=2017-07-02"
"ARRIVAL: no arrival match","COMPAAN","2017-03-19","2017-08-08","2017-08-08","GS013","Pygas","2059.0","MT","arriveddate","Arrived","1","Load","NL","RTM ","","","","gs101","","source file","","http://bargomatic2.compressedtime.com/bargomatic/map2.php?fitbounds=1&catchall=9479022&startdate=2017-03-08&enddate=2017-03-30"
"ARRIVAL: no arrival match","ELSASS","2017-07-06","2017-08-08","2017-08-08","BF002","Biodiesel","2007.0","MT","arriveddate","Arrived","1","Load","BE","GNE ","","","","gs101","","source file","","http://bargomatic2.compressedtime.com/bargomatic/map2.php?fitbounds=1&catchall=8818257&startdate=2017-06-25&enddate=2017-07-17"
"ARRIVAL: no arrival match","NORDIC MARIANNE","2017-04-16","2017-08-08","2017-08-08","BF005","FATTY ACID METHYL ESTER (FAME)","2000.0","MT","arriveddate","Arrived","1","Discharge","GB","LON ","","","","gs101","","source file","","http://bargomatic2.compressedtime.com/bargomatic/map2.php?fitbounds=1&catchall=9294680&startdate=2017-04-05&enddate=2017-04-27"
"ARRIVAL: no arrival match","THUN GRATITUDE","2017-06-19","2017-08-08","2017-08-08","BF005","FATTY ACID METHYL ESTER (FAME)","2000.0","MT","arriveddate","Arrived","1","Load","GB","MLF ","","","","gs101","","source file","","http://bargomatic2.compressedtime.com/bargomatic/map2.php?fitbounds=1&catchall=9266413&startdate=2017-06-08&enddate=2017-06-30"
"ARRIVAL: no arrival match","COMPAAN","2017-03-27","2017-08-08","2017-08-08","BF005","Tallow Methyl Ester (TME)","2000.0","MT","arriveddate","Arrived","1","Load","NL","AMS ","","","","gs101","","source file","","http://bargomatic2.compressedtime.com/bargomatic/map2.php?fitbounds=1&catchall=9479022&startdate=2017-03-16&enddate=2017-04-07"
"ARRIVAL: no arrival match","COMPAAN","2017-04-30","2017-08-08","2017-08-08","GS019","Eurobob","1998.0","MT","arriveddate","Arrived","1","Discharge","NL","RTM ","","","","gs101","","source file","","http://bargomatic2.compressedtime.com/bargomatic/map2.php?fitbounds=1&catchall=9479022&startdate=2017-04-19&enddate=2017-05-11"
"ARRIVAL: no arrival match","FIDELITY","2017-01-09","2017-08-08","2017-08-08","GS010","MTBE","1997.0","MT","arriveddate","Arrived","1","Discharge","BE","ANR ","","","","gs101","","source file","","http://bargomatic2.compressedtime.com/bargomatic/map2.php?fitbounds=1&catchall=9285744&startdate=2016-12-29&enddate=2017-01-20"
"ARRIVAL: no arrival match","ADMIRAL","2017-06-11","2017-08-08","2017-08-08","GS002","Alkylate","1994.0","MT","arriveddate","Arrived","1","Load","BE","ANR ","","","","gs101","","source file","","http://bargomatic2.compressedtime.com/bargomatic/map2.php?fitbounds=1&catchall=9234616&startdate=2017-05-31&enddate=2017-06-22"
"ARRIVAL: no arrival match","MISTRAL","2017-03-06","2017-08-08","2017-08-08","MD004","French FOD","1823.0","MT","arriveddate","Arrived","1","Load","NL","AMS ","","","","gs101","","manual modification","","http://bargomatic2.compressedtime.com/bargomatic/map2.php?fitbounds=1&catchall=9212876&startdate=2017-02-23&enddate=2017-03-17"
"ARRIVAL: no arrival match","CHARLOTTE","2017-07-17","2017-08-08","2017-08-08","GS009","Ethanol","1799.0","MT","arriveddate","Arrived","1","Load","BE","WAN ","","","","gs101","","source file","","http://bargomatic2.compressedtime.com/bargomatic/map2.php?fitbounds=1&catchall=9286188&startdate=2017-07-06&enddate=2017-07-28"
"ARRIVAL: no arrival match","SEFARINA","2017-12-30","2017-08-08","2017-08-08","GS049","Raffinate-1","1780.0","MT","bldate","Bill date","14","Discharge","BE","ANR ","","","","gs101","","source file","","http://bargomatic2.compressedtime.com/bargomatic/map2.php?fitbounds=1&catchall=9715701&startdate=2017-12-19&enddate=2018-01-10"
"ARRIVAL: no arrival match","EVIAPETROL II","2016-12-27","2017-08-08","2017-08-08","BF005","FATTY ACID METHYL ESTER (FAME)","1764.0","MT","arriveddate","Arrived","1","Discharge","GR","ASS ","","","","gs101","","source file","","http://bargomatic2.compressedtime.com/bargomatic/map2.php?fitbounds=1&catchall=9344356&startdate=2016-12-16&enddate=2017-01-07"
"ARRIVAL: no arrival match","GITTE","2017-02-26","2017-08-08","2017-08-08","GS011","Naphtha","1691.0","MT","arriveddate","Arrived","1","Load","NL","RTM ","","","","gs101","","source file","","http://bargomatic2.compressedtime.com/bargomatic/map2.php?fitbounds=1&catchall=9020950&startdate=2017-02-15&enddate=2017-03-09"
"ARRIVAL: no arrival match","SEFARINA","2017-12-25","2017-08-08","2017-08-08","GS049","Raffinate-1","1570.0","MT","bldate","Bill date","14","Discharge","BE","ANR ","","","","gs101","","source file","","http://bargomatic2.compressedtime.com/bargomatic/map2.php?fitbounds=1&catchall=9715701&startdate=2017-12-14&enddate=2018-01-05"
"ARRIVAL: no arrival match","LADY HILDE","2017-07-21","2017-08-08","2017-08-08","GS049","Raffinate-1","1500.0","MT","arriveddate","Arrived","1","Discharge","BE","ANR ","","","","gs101","","source file","","http://bargomatic2.compressedtime.com/bargomatic/map2.php?fitbounds=1&catchall=9172129&startdate=2017-07-10&enddate=2017-08-01"
"ARRIVAL: no arrival match","JUSTINE","2017-02-02","2017-08-08","2017-08-08","GS009","Ethanol Blend","1485.0","MT","arriveddate","Arrived","1","Load","NL","RTM ","","","","gs101","","source file","","http://bargomatic2.compressedtime.com/bargomatic/map2.php?fitbounds=1&catchall=9253454&startdate=2017-01-22&enddate=2017-02-13"
"ARRIVAL: no arrival match","SAVONA","2017-08-05","2017-08-11","2017-08-11","MD013","Jet A1","1435.0","MT","arriveddate","Arrived","1","Load","NL","RTM ","","","","gs101","","source file","","http://bargomatic2.compressedtime.com/bargomatic/map2.php?fitbounds=1&catchall=9533311&startdate=2017-07-25&enddate=2017-08-16"
"ARRIVAL: no arrival match","MALMO","2017-04-21","2017-08-08","2017-08-08","MD004","ULSD","1413.0","MT","arriveddate","Arrived","1","Load","NL","RTM ","","","","gs101","","source file","","http://bargomatic2.compressedtime.com/bargomatic/map2.php?fitbounds=1&catchall=9373242&startdate=2017-04-10&enddate=2017-05-02"
"ARRIVAL: no arrival match","ANNA","2017-02-17","2017-08-08","2017-08-08","MD004","ULSD","1398.0","MT","arriveddate","Arrived","1","Load","NL","RTM ","","","","gs101","","source file","","http://bargomatic2.compressedtime.com/bargomatic/map2.php?fitbounds=1&catchall=9566796&startdate=2017-02-06&enddate=2017-02-28"
"ARRIVAL: no arrival match","MALMO","2017-04-10","2017-08-08","2017-08-08","MD004","ULSD","1383.0","MT","arriveddate","Arrived","1","Load","NL","RTM ","","","","gs101","","source file","","http://bargomatic2.compressedtime.com/bargomatic/map2.php?fitbounds=1&catchall=9373242&startdate=2017-03-30&enddate=2017-04-21"
"ARRIVAL: no arrival match","LENA","2017-07-10","2017-08-08","2017-08-08","MD008","Heavy Coker Gas Oil","1226.0","MT","arriveddate","Arrived","1","Discharge","NL","RTM ","","","","gs101","","source file","","http://bargomatic2.compressedtime.com/bargomatic/map2.php?fitbounds=1&catchall=9538854&startdate=2017-06-29&enddate=2017-07-21"
"ARRIVAL: no arrival match","VIDI","2017-06-24","2017-08-08","2017-08-08","MD020","Low Sulphur Gas Oil","1181.0","MT","arriveddate","Arrived","1","Load","BE","ANR ","","","","gs101","","source file","","http://bargomatic2.compressedtime.com/bargomatic/map2.php?fitbounds=1&catchall=9549736&startdate=2017-06-13&enddate=2017-07-05"
"ARRIVAL: no arrival match","SOPHIA","2017-02-17","2017-08-08","2017-08-08","GS011","Naphtha","1181.0","MT","arriveddate","Arrived","1","Load","NL","RTM ","","","","gs101","","source file","","http://bargomatic2.compressedtime.com/bargomatic/map2.php?fitbounds=1&catchall=6918091&startdate=2017-02-06&enddate=2017-02-28"
"ARRIVAL: no arrival match","ARGO","2017-02-17","2017-08-08","2017-08-08","GS013","Pygas","1125.0","MT","arriveddate","Arrived","1","Discharge","BE","ANR ","","","","gs101","","source file","","http://bargomatic2.compressedtime.com/bargomatic/map2.php?fitbounds=1&catchall=9187667&startdate=2017-02-06&enddate=2017-02-28"
"ARRIVAL: no arrival match","RIVER PRIDE","2017-04-21","2017-08-08","2017-08-08","GS009","Ethanol","1105.0","MT","arriveddate","Arrived","1","Load","BE","ANR ","","","","gs101","","source file","","http://bargomatic2.compressedtime.com/bargomatic/map2.php?fitbounds=1&catchall=9323986&startdate=2017-04-10&enddate=2017-05-02"
"ARRIVAL: no arrival match","PLUTO","2017-06-26","2017-08-08","2017-08-08","GS009","Ethanol Blend","1104.0","MT","arriveddate","Arrived","1","Discharge","NL","RTM ","","","","gs101","","source file","","http://bargomatic2.compressedtime.com/bargomatic/map2.php?fitbounds=1&catchall=8404020&startdate=2017-06-15&enddate=2017-07-07"
"ARRIVAL: no arrival match","PLUTO","2017-02-25","2017-08-08","2017-08-08","GS011","Gasoline + Blending Components, C9","1100.0","MT","arriveddate","Arrived","1","Discharge","BE","ANR ","","","","gs101","","source file","","http://bargomatic2.compressedtime.com/bargomatic/map2.php?fitbounds=1&catchall=8404020&startdate=2017-02-14&enddate=2017-03-08"
"ARRIVAL: no arrival match","RIVA","2017-06-20","2017-08-08","2017-08-08","GS009","Ethanol","1055.0","MT","arriveddate","Arrived","1","Load","BE","GNE ","","","","gs101","","manual modification","","http://bargomatic2.compressedtime.com/bargomatic/map2.php?fitbounds=1&catchall=9576208&startdate=2017-06-09&enddate=2017-07-01"
"ARRIVAL: no arrival match","ADMIRAL","2017-05-30","2017-08-08","2017-08-08","MD003","Diesel","1051.0","MT","arriveddate","Arrived","1","Load","BE","ANR ","","","","gs101","","manual modification","","http://bargomatic2.compressedtime.com/bargomatic/map2.php?fitbounds=1&catchall=9234616&startdate=2017-05-19&enddate=2017-06-10"
"ARRIVAL: no arrival match","ENJOY","2017-04-02","2017-08-08","2017-08-08","GS010","MTBE","1047.0","MT","arriveddate","Arrived","1","Load","NL","AMS ","","","","gs101","","source file","","http://bargomatic2.compressedtime.com/bargomatic/map2.php?fitbounds=1&catchall=9471329&startdate=2017-03-22&enddate=2017-04-13"
"ARRIVAL: no arrival match","EVIAPETROL III","2017-04-24","2017-08-08","2017-08-08","BF005","FATTY ACID METHYL ESTER (FAME)","1043.0","MT","arriveddate","Arrived","1","Discharge","GR","ASS ","","","","gs101","","source file","","http://bargomatic2.compressedtime.com/bargomatic/map2.php?fitbounds=1&catchall=9505754&startdate=2017-04-13&enddate=2017-05-05"
"ARRIVAL: no arrival match","FELLOWSHIP","2017-01-29","2017-08-08","2017-08-08","GS009","Ethanol Blend","1000.0","MT","arriveddate","Arrived","1","Load","NL","RTM ","","","","gs101","","source file","","http://bargomatic2.compressedtime.com/bargomatic/map2.php?fitbounds=1&catchall=9437971&startdate=2017-01-18&enddate=2017-02-09"
"ARRIVAL: no arrival match","ADMIRAL","2017-03-06","2017-08-08","2017-08-08","BF002","Biodiesel","999.0","MT","arriveddate","Arrived","1","Load","BE","GNE ","","","","gs101","","manual modification","","http://bargomatic2.compressedtime.com/bargomatic/map2.php?fitbounds=1&catchall=9234616&startdate=2017-02-23&enddate=2017-03-17"
"ARRIVAL: no arrival match","EVIAPETROL III","2017-04-23","2017-08-08","2017-08-08","BF005","FATTY ACID METHYL ESTER (FAME)","969.0","MT","arriveddate","Arrived","1","Discharge","GR","SKG ","","","","gs101","","source file","","http://bargomatic2.compressedtime.com/bargomatic/map2.php?fitbounds=1&catchall=9505754&startdate=2017-04-12&enddate=2017-05-04"
"ARRIVAL: no arrival match","AEGIR","2017-03-09","2017-08-08","2017-08-08","GS009","Bioethanol","950.0","MT","arriveddate","Arrived","1","Discharge","NL","RTM ","","","","gs101","","manual modification","","http://bargomatic2.compressedtime.com/bargomatic/map2.php?fitbounds=1&catchall=9308261&startdate=2017-02-26&enddate=2017-03-20"
"ARRIVAL: no arrival match","LIBERTY","2017-04-01","2017-08-08","2017-08-08","GS010","MTBE","949.0","MT","arriveddate","Arrived","1","Discharge","NL","RTM ","","","","gs101","","source file","","http://bargomatic2.compressedtime.com/bargomatic/map2.php?fitbounds=1&catchall=5427007&startdate=2017-03-21&enddate=2017-04-12"
"ARRIVAL: no arrival match","EVIAPETROL II","2016-12-24","2017-08-08","2017-08-08","BF005","FATTY ACID METHYL ESTER (FAME)","881.0","MT","arriveddate","Arrived","1","Discharge","GR","SKG ","","","","gs101","","source file","","http://bargomatic2.compressedtime.com/bargomatic/map2.php?fitbounds=1&catchall=9344356&startdate=2016-12-13&enddate=2017-01-04"
"ARRIVAL: no arrival match","PAMELA","2017-02-03","2017-08-08","2017-08-08","GS011","Naphtha","836.0","MT","arriveddate","Arrived","1","Load","NL","RTM ","","","","gs101","","source file","","http://bargomatic2.compressedtime.com/bargomatic/map2.php?fitbounds=1&catchall=8912728&startdate=2017-01-23&enddate=2017-02-14"
"ARRIVAL: no arrival match","SOPHIA","2016-12-27","2017-08-08","2017-08-08","GS011","Naphtha","543.0","MT","arriveddate","Arrived","1","Load","NL","RTM ","","","","gs101","","source file","","http://bargomatic2.compressedtime.com/bargomatic/map2.php?fitbounds=1&catchall=6918091&startdate=2016-12-16&enddate=2017-01-07"
"ARRIVAL: no arrival match","OVERSEAS AMBERMAR","2017-01-04","2017-08-08","2017-08-08","BF005","FATTY ACID METHYL ESTER (FAME)","1.0","MT","bldate","Bill date","14","Load","BE","ANR ","","","","gs101","","source file","","http://bargomatic2.compressedtime.com/bargomatic/map2.php?fitbounds=1&catchall=9231626&startdate=2016-12-24&enddate=2017-01-15"
"ARRIVAL: no arrival match","THUN GENIUS","2017-05-24","2017-08-08","2017-08-08","BF005","B100 - FATTY ACID METHYL ESTER (FAME)","0.0","MT","bertheddate","Berthed","2","Load","GB","MLF ","","","","gs101","","source file","","http://bargomatic2.compressedtime.com/bargomatic/map2.php?fitbounds=1&catchall=9263605&startdate=2017-05-13&enddate=2017-06-04"
"ARRIVAL: no arrival match","ECO NEMESIS","2017-05-08","2017-08-08","2017-08-08","MD004","ultra low","0.0","MT","arriveddate","Arrived","1","Load","NL","RTM ","","","","gs101","","source file","","http://bargomatic2.compressedtime.com/bargomatic/map2.php?fitbounds=1&catchall=9719525&startdate=2017-04-27&enddate=2017-05-19"
